id,name,domain,website,industry,segmento,country,state,city,num_associated_contacts,num_associated_deals,lifecyclestage,sources
37574180107,,smbb.agency,smbb.agency,,,,,,1,,,domain-agencia
39584576860,,imagem-publicidade.com,imagem-publicidade.com,,,,,,1,1,,domain-mkt
33054948024,#Diferencial Live Marketing,agenciadiferencial.com.br,agenciadiferencial.com.br,,Mídia e Conteúdo,,,,1,2,,name-mkt
40173609557,18 Comunicação,18net.com.br,18net.com.br,,Mídia e Conteúdo,,,,1,10,1246600764,name-mkt
39585039209,22 Marketing e Eventos,22mkt.com.br,22mkt.com.br,,Serviços Administrativos,,,,2,3,,name-mkt
33054639905,2t's Agency,2ts.agency,2ts.agency,,Mídia e Conteúdo,,,,1,,,name-agencia|domain-agencia
39586277187,3hree Comunicação,3hreecomunicacao.com.br,3hreecomunicacao.com.br,,,,,,4,3,,name-mkt
33055258285,4All Comunicação,4allcom.com,4allcom.com,,,,,,1,,,name-mkt
39588600243,4mais Servicos De Marketing E Gestao Empresarial,4mais.com.br,4mais.com.br,,,,,,1,1,,name-mkt
33513739057,770 Volts Comunicação,770volts.com.br,770volts.com.br,,Mídia e Conteúdo,,,,3,2,,name-mkt
33051853070,80 20 Marketing,8020mkt.com.br,8020mkt.com.br,,Mídia e Conteúdo,,,,2,,,name-mkt
37568175908,9dade Comunicação,9dade.net,9dade.net,,Mídia e Conteúdo,,,,1,,,name-mkt
39591463845,A2C,a2c.com.br,a2c.com.br,MARKETING_AND_ADVERTISING,Mídia e Conteúdo,Brazil,,,1,1,,industry
33077667963,ABDI - Agência Brasileira de Desenvolvimento Industrial,abdi.com.br,abdi.com.br,,,,,,3,3,,name-agencia
39580826503,Academia de Marketing,academiademarketing.com.br,academiademarketing.com.br,MANAGEMENT_CONSULTING,Mídia e Conteúdo,Brazil,Sao Paulo,Vila Nova Conceicao,1,1,,name-mkt
37046107476,Acervo Comunicação,acervocomunicacao.com.br,acervocomunicacao.com.br,,,,,,1,,,name-mkt
33594655301,ACT Comunicação,actcomunicacao.com.br,actcomunicacao.com.br,,,,,,1,,,name-mkt
33052161568,AD Comunicação & Marketing,adcomunicacao.com.br,adcomunicacao.com.br,,Mídia e Conteúdo,,,,1,,,name-mkt
39585967962,Adcom Comunicação Empresarial,adcompress.com.br,adcompress.com.br,PUBLIC_RELATIONS_AND_COMMUNICATIONS,Mídia e Conteúdo,Brazil,Sao Paulo,,1,1,,name-mkt
33788761892,Advance Agencia,,,,,,,,1,1,,name-agencia
33070878220,Advance Comunicação,advance.com.br,advance.com.br,,Mídia e Conteúdo,,,,1,1,,name-mkt
39591308845,Aero,aerocomunicacao.com.br,aerocomunicacao.com.br,MARKETING_AND_ADVERTISING,Mídia e Conteúdo,Brazil,,,1,1,,industry
33071808305,Aero Agency,aeroagency.pt,aeroagency.pt,,Varejo e Comércio,,,,1,,,name-agencia
33499094959,Agaxtur Agência de Viagem e Turismo,agaxtur.com.br,agaxtur.com.br,,,,,,1,,1062353184,name-agencia
33659685532,Agência 11onze,agencia11onze.com.br,agencia11onze.com.br,,Mídia e Conteúdo,,,,2,1,,name-agencia
33761803917,Agência 220 Produções,,,,Serviços Administrativos,,,,1,1,,name-agencia
33756104965,Agência 2bee,,,,,,,,1,1,,name-agencia
33652507225,Agência 307B,307b.com.br,307b.com.br,,Tecnologia e Comunicação,,,,1,,,name-agencia
33770388870,Agência 3ML Digital,,,,Mídia e Conteúdo,,,,1,1,,name-agencia
33054949021,Agencia 6P,6p.com.br,6p.com.br,,Mídia e Conteúdo,,,,3,1,,name-agencia
33502471179,Agência 7etti,agencia7etti.com.br,https://agencia7etti.com.br/,,Mídia e Conteúdo,,,,1,5,1246600764,name-agencia
40546588497,Agência 947,agencia947.com,agencia947.com,,,,,,1,1,,name-agencia
33596524628,Agência Aboutt,,,,,,,,1,3,1246600764,name-agencia
39496943681,Agência Administrar,joeliobarreto.com.br,joeliobarreto.com.br,,,,,,1,,,name-agencia
33079935909,Agência ADR,adragencia.com.br,adragencia.com.br,,Mídia e Conteúdo,,,,5,,,name-agencia
32953054820,Agência Adviser,agenciaadviser.com.br,agenciaadviser.com.br,,Serviços Administrativos,,,,4,5,,name-agencia
33660924966,Agência Affinity,agenciaaffinity.com.br,agenciaaffinity.com.br,,Mídia e Conteúdo,,,,3,1,,name-agencia
33596059495,Agência AG Produções,,,,Mídia e Conteúdo,,,,5,3,,name-agencia
33754556182,Agência Agil,,,,,,,,1,1,,name-agencia
33749501615,Agência Agile,,,,,,,,1,1,,name-agencia
33803203493,Agência AGM,,,,Mídia e Conteúdo,,,,1,1,,name-agencia
33595440239,Agência Agogô,agogopromo.com.br,http://www.agogopromo.com.br/,,Mídia e Conteúdo,,,,1,1,,name-agencia
33794952342,Agência AKM,,,,,,,,1,1,,name-agencia
33669192035,Agência Álamo,alamocomunicacao.com.br,alamocomunicacao.com.br,,,,,,2,2,,name-agencia
50595477409,Agência Aluminata,aluminata.com.br,aluminata.com.br,,Mídia e Conteúdo,,,,1,1,1246600764,name-agencia
33752853114,Agência Amarelo,,,,,,,,1,1,,name-agencia
33513258765,Agência América,agenciaamerica.com,agenciaamerica.com,,,,,,1,1,,name-agencia
33758731609,agência amzmp,,,,,,,,1,1,,name-agencia
33779294527,Agencia anima,,,,Mídia e Conteúdo,,,,1,2,,name-agencia
33581605232,Agência Anne Raldes LTDA,,,,Mídia e Conteúdo,,,,2,1,,name-agencia
33056188028,Agência Anova,agenciaanova.com.br,agenciaanova.com.br,,Mídia e Conteúdo,,,,1,,,name-agencia
33667799817,Agência Antonella,agenciaantonella.com,agenciaantonella.com,,Mídia e Conteúdo,,,,2,,,name-agencia
49781577649,Agência Asas,agenciaasas.com,agenciaasas.com,,Mídia e Conteúdo,,,,1,,1246600764,name-agencia
34033746089,Agência AT2D,,,,Mídia e Conteúdo,,,,2,2,,name-agencia
46450197575,Agência Atake,atake.com.br,atake.com.br,,Serviços Profissionais,,,,1,1,,name-agencia
33788451759,Agencia Ativa,,,,Mídia e Conteúdo,,,,1,1,,name-agencia
33774287187,Agência Atmo,,,,,,,,1,1,,name-agencia
35780712773,Agência B Travel,agenciabtravel.com.br,agenciabtravel.com.br,,,,,,1,,,name-agencia
33509928299,Agência B&B,agenciabeb.com.br,agenciabeb.com.br,,Mídia e Conteúdo,,,,1,,,name-agencia
33580691352,Agencia B3 ( MSD ),msd.com.br,https://www.msd.com.br,,Indústria,,,,1,1,,name-agencia
33784267348,Agência b9b,,,,Mídia e Conteúdo,,,,1,1,,name-agencia
33656088128,Agência Base3,base3.com.br,base3.com.br,,Mídia e Conteúdo,,,,2,1,,name-agencia
52831953048,Agência Batuca,agenciabatuca.com.br,agenciabatuca.com.br,,Mídia e Conteúdo,,,,5,4,1246600764,name-agencia
33752233372,Agência BBDA,,,,Mídia e Conteúdo,,,,1,1,,name-agencia
33759813807,Agencia BE Comunica,,,,Mídia e Conteúdo,,,,1,1,,name-agencia
33084963420,Agência Befoür,agenciabefour.com.br,agenciabefour.com.br,,Mídia e Conteúdo,,,,5,1,1062353184,name-agencia
33750739735,Agência Befour (Danone),,,,Mídia e Conteúdo,,,,1,2,,name-agencia
33788451733,Agencia Befour/Oficina,,,,Mídia e Conteúdo,,,,1,1,,name-agencia
37220598631,Agência Bestuur,agenciabestuur.com.br,agenciabestuur.com.br,,,,,,1,1,,name-agencia
39582569242,Agência Beyondcomm,beyondcomm.com.br,beyondcomm.com.br,,Mídia e Conteúdo,,,,2,2,,name-agencia
52944698486,Agencia Bip Marketing,,,,,,,,1,1,1246600764,name-agencia|name-mkt
38286129004,Agência Boin Eventos,www.boineventos.com.br,www.boineventos.com.br,,Serviços Administrativos,,,,1,10,,name-agencia
33586034499,Agência Boreau,,,,Mídia e Conteúdo,,,,2,1,,name-agencia
33749655854,Agência Boutique 08,,,,Mídia e Conteúdo,,,,1,1,,name-agencia
33757800962,Agência Brave,,,,,,,,1,1,,name-agencia
39585657918,Agência Buzzina,agenciabuzzina.com,agenciabuzzina.com,,,,,,1,3,,name-agencia
33759813775,Agencia C8mkt,,,,,,,,1,1,,name-agencia
33085578316,Agência Cacau,cacau.co,cacau.co,,Mídia e Conteúdo,,,,3,1,,name-agencia
33660614943,Agência cake,agenciacake.com,agenciacake.com,,Mídia e Conteúdo,,,,2,1,,name-agencia
33084190722,Agência Canopus,agenciacanopus.com.br,agenciacanopus.com.br,,Serviços Administrativos,,,,1,2,,name-agencia
33055723025,Agência Capella,agenciacapella.com.br,https://www2.oabrs.org.br/home,,Serviços Profissionais,,,,2,3,1246600764,name-agencia
33942035808,Agência Cartola,,,,,,,,1,3,,name-agencia
36236352652,Agência CIA,ciadacriacao.com.br,ciadacriacao.com.br,,Mídia e Conteúdo,,,,1,1,,name-agencia
33666927129,Agência CIME,agenciacime.com.br,agenciacime.com.br,,,,,,1,,,name-agencia
33591953684,Agência Cítara,agenciacitara.com.br,agenciacitara.com.br,,,,,,1,,,name-agencia
37565699687,Agência CMLab,agenciacmlab.com.br,agenciacmlab.com.br,,Tecnologia e Comunicação,,,,1,,,name-agencia
36625396641,Agência Co.crie,agenciacocrie.com.br,agenciacocrie.com.br,,Mídia e Conteúdo,,,,1,1,,name-agencia
39584265794,Agência ComPH,agenciacomph.com.br,agenciacomph.com.br,BROADCAST_MEDIA,Mídia e Conteúdo,Brazil,,,1,1,,name-agencia
54896565856,Agência Conception Américas,conception.com.br,conception.com.br,,Serviços Administrativos,,,,8,8,1246600764,name-agencia
33664485257,Agencia Conexao,agenciaconexao.com,agenciaconexao.com,,Serviços Profissionais,,,,1,,,name-agencia
33790465101,Agência Confetti,,,,Mídia e Conteúdo,,,,1,1,,name-agencia
33761803932,Agência Confraria,,,,,,,,1,1,,name-agencia
33071188272,Agência Conkreta,conkreta.com.br,conkreta.com.br,,,,,,3,4,,name-agencia
33595442287,Agência Convoy,agenciaconvoy.com.br,agenciaconvoy.com.br,,Mídia e Conteúdo,,,,1,1,,name-agencia
33794288960,Agência CZ,,,,Mídia e Conteúdo,,,,1,2,,name-agencia
33669833104,Agência D3M,agenciad3m.com.br,agenciad3m.com.br,,Mídia e Conteúdo,,,,2,1,,name-agencia
52982689370,Agência Dagaz,ampliaplataforma.com.br,https://ampliaplataforma.com.br/,,Educação,,,,8,15,customer,name-agencia
36565377299,Agencia de Atletas,agenciadeatletas.com,agenciadeatletas.com,,,,,,1,,,name-agencia
33083879581,Agência de Atletas,agenciadeatletas.com.br,agenciadeatletas.com.br,,Mídia e Conteúdo,,,,6,,,name-agencia
39829543686,Agência de Bolso,agenciadebolso.com,agenciadebolso.com,MARKETING_AND_ADVERTISING,Mídia e Conteúdo,Spain,Catalunya,Barcelona,1,,,industry|name-agencia
39585039234,Agencia De Desenvolvimento De Conselheiro Lafaiete - Adecol,adecol.org.br,adecol.org.br,,,Brazil,,,1,1,,name-agencia
35056328862,Agencia de Eventos,,,,Serviços Administrativos,,,,1,15,,name-agencia
33659840774,AGÊNCIA DE INTELIGÊNCIA,agenciadeinteligencia.org,agenciadeinteligencia.org,,Serviços Profissionais,,,,1,,,name-agencia
33792517893,Agência de Marketing 360,,,,Mídia e Conteúdo,,,,1,2,1062353184,name-agencia|name-mkt
40166566840,Agência de Marketing Digital especialista em Inbound Marketing,organicadigital.com,organicadigital.com,MARKETING_AND_ADVERTISING,Mídia e Conteúdo,Brazil,Rio Grande do Sul,,1,,,industry|name-agencia|name-mkt
41632011314,Agência de Palestrantes,,,,Serviços Profissionais,,,,1,,,name-agencia
33080246024,Agência de Publicidade e Propaganda,agenciacz.com,agenciacz.com,,Mídia e Conteúdo,,,,1,,,name-agencia|name-mkt
33588557969,Agência de turismo promotional travel ,,,,Alimentação e Hospitalidade,,,,1,1,,name-agencia
35674600004,Agencia Delphos,agenciadelphos.com.br,agenciadelphos.com.br,,Mídia e Conteúdo,,,,1,1,,name-agencia
33759813791,Agencia Desafio,,,,,,,,1,,,name-agencia
33500953395,Agência Desafio,desafio.com.br,desafio.com.br,,Mídia e Conteúdo,,,,1,1,,name-agencia
39583496339,Agência DF,agenciadf.com.br,agenciadf.com.br,,,,,,1,,,name-agencia
33081175325,Agencia DGC,agenciadgc.com.br,agenciadgc.com.br,,Mídia e Conteúdo,,,,2,1,1246600764,name-agencia
34077468984,Agência Diferencial,,https://www.unicred.com.br/,,,,,,3,7,,name-agencia
33802282562,Agência DMC,,,,,,,,1,1,,name-agencia
33765675390,Agência do óleo,,,,,,,,1,1,,name-agencia
39586277173,Agência Domênica,agdomenica.com.br,agdomenica.com.br,MANAGEMENT_CONSULTING,Mídia e Conteúdo,Brazil,,,1,1,,name-agencia
52874407062,Agência Duza,agenciaduza.com.br,agenciaduza.com.br,,,,,,1,,1062353184,name-agencia
39183861331,Agência e Produtora Utopc,utopc.com.br,utopc.com.br,,Mídia e Conteúdo,Brazil,,,1,,,name-agencia
33492096011,Agência E-POPEH,agenciaepopeh.com.br,agenciaepopeh.com.br,,Serviços Administrativos,,,,1,,,name-agencia
54968048432,Agência EA,agenciaea.com,agenciaea.com,,Mídia e Conteúdo,,,,6,4,1246600764,name-agencia
33599167541,Agência Eagle,,,,Mídia e Conteúdo,,,,5,3,,name-agencia
39581135720,Agência Eba,agenciaeba.com.br,agenciaeba.com.br,,,,,,1,1,,name-agencia
39587362175,Agência Ecomunica,agenciaecomunica.com.br,agenciaecomunica.com.br,PUBLIC_RELATIONS_AND_COMMUNICATIONS,Mídia e Conteúdo,Brazil,Sao Paulo,,1,1,,name-agencia
33791993388,agência Ed Mendes Soluções Criativas,,,,Mídia e Conteúdo,,,,1,1,,name-agencia
33055880617,Agência eh,agenciaeh.com.br,https://banco.bradesco/html/classic/index.shtm,,Financeiro,,,,1,1,,name-agencia
37897089859,Agencia Emotion,agenciaemotion.com.br,agenciaemotion.com.br,,,,,,3,4,1246600764,name-agencia
33654038553,Agência Engajar,agenciaengajar.com.br,agenciaengajar.com.br,,Varejo e Comércio,,,,1,,,name-agencia
42102400603,Agência Enso,agenciaenso.com,agenciaenso.com,MARKETING_AND_ADVERTISING,,Brazil,Sao Paulo,Belenzinho,1,1,,industry|name-agencia
39020010344,Agência Eplan,agenciaeplan.com,agenciaeplan.com,,Mídia e Conteúdo,,,,1,,,name-agencia
33049839180,Agência Esfera,agenciaesfera.com.br,agenciaesfera.com.br,,Serviços Administrativos,,,,9,12,1246600764,name-agencia
33669192011,Agência Espacial Brasileira,aeb.gov.br,aeb.gov.br,,,,,,1,,,name-agencia
33803203479,Agência Estadual de Vigilância Sanitária,,,,Saúde,,,,1,1,,name-agencia
33597141936,Agência ETC&Tal,go.sigga.com.br,https://go.sigga.com.br/siggaxperience2023,,Serviços Profissionais,,,,1,2,1246600764,name-agencia
33765983867,Agência Eventesse,,,,,,,,1,1,,name-agencia
33492097115,Agência EVERY,every.is,every.is,,Mídia e Conteúdo,,,,1,1,,name-agencia
39593012047,Agência Exemplo,exemploeventos.com.br,exemploeventos.com.br,,,,,,3,3,,name-agencia
33795724879,Agência Exodo,,,,,,,,1,1,,name-agencia
33657690548,Agência Explorer,agenciaexplorer.com.br,agenciaexplorer.com.br,,Mídia e Conteúdo,,,,1,,,name-agencia
36785418031,Agência Fizz,agenciafizz.com.br,https://www.agenciafizz.com.br/home,,Mídia e Conteúdo,,,,2,5,,name-agencia
52578439936,Agencia Flagship,agenciaflagship.com.br,agenciaflagship.com.br,CONSUMER_SERVICES,Serviços Administrativos,Brazil,,,2,1,1246600764,name-agencia
53028157304,Agência Folhetim,folhetim.marketing,folhetim.marketing,,,,,,1,,subscriber,name-agencia|domain-mkt
37394913973,Agência Follow,agenciafollowme.com.br,agenciafollowme.com.br,,Mídia e Conteúdo,,,,1,,1062353184,name-agencia
35881642015,Agência Foster,foster.com.br,foster.com.br,,Mídia e Conteúdo,,,,1,1,,name-agencia
33662318702,Agência FR,agenciafr.com.br,agenciafr.com.br,,Mídia e Conteúdo,,,,2,1,,name-agencia
33668573601,Agência Fresh,agenciafresh.com.br,agenciafresh.com.br,,Mídia e Conteúdo,,,,1,,,name-agencia
33803203513,Agência Friday,,,,,,,,1,1,,name-agencia
33500644609,Agência Fuego,agenciafuego.com,agenciafuego.com,,,,,,4,3,,name-agencia
33514815289,Agência Fun,agenciafun.com,agenciafun.com,,Mídia e Conteúdo,,,,1,1,,name-agencia
33509158429,Agência Gaia,agenciagaia.com.br,agenciagaia.com.br,,,,,,3,2,,name-agencia
39592083616,Agência GDA,agenciagda.com,agenciagda.com,,Educação,,,,1,2,,name-agencia
33515425333,Agência Gigante,agenciagigante.com.br,agenciagigante.com.br,,Mídia e Conteúdo,,,,3,3,,name-agencia
33774287163,Agência Glas,,,,Mídia e Conteúdo,,,,1,1,,name-agencia
54223212128,Agência Global,global.tt,global.tt,MARKETING_AND_ADVERTISING,,,Rio Grande do Sul,Porto Alegre,1,,subscriber,industry|name-agencia
34033745948,Agência Globalis,,,,,,,,1,2,,name-agencia
33500644098,Agência Glue,agenciaglue.com,agenciaglue.com,,Serviços Administrativos,,,,1,1,1246600764,name-agencia
33670760759,Agência Guanabara,agenciaguanabara.com.br,agenciaguanabara.com.br,,Mídia e Conteúdo,,,,1,,,name-agencia
33788761900,Agência Gude,,,,Mídia e Conteúdo,,,,1,2,1246600764,name-agencia
33082565159,Agência Guia Eventos,guia-eventos.com,guia-eventos.com,,Serviços Administrativos,,,,6,1,1062353184,name-agencia
33673847595,Agência GV,agenciagv.ppg.br,agenciagv.ppg.br,,,,,,1,,,name-agencia
39586277193,Agência GV8,gv8.com.br,gv8.com.br,,Tecnologia e Comunicação,Brazil,Sao Paulo,,1,1,,name-agencia
33668109602,Agência Hands Perform Marketing Digital e Eventos,handsperform.com.br,handsperform.com.br,,Mídia e Conteúdo,,,,2,,,name-agencia|name-mkt
33670760745,Agencia HandsOn,agenciahandson.com.br,agenciahandson.com.br,,Mídia e Conteúdo,,,,1,,,name-agencia
33942251589,Agência Happy House,,,,,,,,1,3,1062353184,name-agencia
37577122149,Agencia Hb,agenciahb.com,agenciahb.com,,,,,,1,,,name-agencia
33580072223,Agência HCL Produções,,-,,,,,,1,1,,name-agencia
33762733700,Agência Hiro,,,,,,,,1,1,,name-agencia
33760897601,Agência hoa,,,,,,,,1,1,,name-agencia
33501695565,Agência Hurra,hurra.com.br,hurra.com.br,,Mídia e Conteúdo,,,,1,2,,name-agencia
39594094892,Agência Iberika,iberika.com.br,iberika.com.br,MARKETING_AND_ADVERTISING,Mídia e Conteúdo,Brazil,Sao Paulo,,1,1,,industry|name-agencia
38685681493,Agência ideias,,,,,,,,1,1,,name-agencia
33670296453,Agência iiman,iiman.com.br,iiman.com.br,,Mídia e Conteúdo,,,,6,,,name-agencia
38833831511,Agencia Imã,,,,,,,,1,1,,name-agencia
38761949308,agência IMM,,,,Mídia e Conteúdo,,,,1,1,,name-agencia
33803203501,Agência Incentivare,,,,Mídia e Conteúdo,,,,1,1,,name-agencia
33056034175,Agência Incomum - Comunicação Estratégica,incomum.in,incomum.in,,Mídia e Conteúdo,,,,1,,,name-agencia|name-mkt
33052163152,Agência InHaus,agenciainhaus.com.br,agenciainhaus.com.br,,Mídia e Conteúdo,,,,1,1,,name-agencia
33662008914,Agência Intelecto,agenciaintelecto.com.br,agenciaintelecto.com.br,,Mídia e Conteúdo,,,,1,,,name-agencia
34494333313,Agência io,,,,Mídia e Conteúdo,,,,1,3,,name-agencia
33501851138,Agência io!,agenciaio.com.br,agenciaio.com.br,,Mídia e Conteúdo,,,,2,1,,name-agencia
33802282533,Agencia Ivoire,,,,Mídia e Conteúdo,,,,1,1,,name-agencia
33669502879,Agência Javali,agenciajavali.com.br,agenciajavali.com.br,,Mídia e Conteúdo,,,,1,,,name-agencia
33757180817,Agência Jazz Side,,,,,,,,1,2,,name-agencia
33664022048,Agência JKR,agenciajkr.com.br,agenciajkr.com.br,,Mídia e Conteúdo,,,,4,,,name-agencia
33673847477,Agência K2,k2agencia.com,k2agencia.com,,,,,,1,,,name-agencia
33668109611,Agência Kanum,agenciakanum.com.br,agenciakanum.com.br,,Mídia e Conteúdo,,,,1,,,name-agencia
33759349272,Agência Keep,,,,Mídia e Conteúdo,,,,1,1,,name-agencia
33497081640,Agencia Keep Promoções,keep1.com.br,keep1.com.br,,Mídia e Conteúdo,,,,3,4,,name-agencia
33795878938,Agência KES,,,,,,,,1,1,,name-agencia
33752853101,Agência Kmais,,,,,,,,1,1,,name-agencia
33660769793,Agência Kratos,agenciakratos.com.br,agenciakratos.com.br,,Mídia e Conteúdo,,,,2,,,name-agencia
33581295739,Agência La Diference /Animale,,,,,,,,1,1,,name-agencia
33803203588,Agência Laditour,,,,Alimentação e Hospitalidade,,,,2,3,1246600764,name-agencia
37570188726,Agencia Lemon Pepper,lemonpepper.com.br,lemonpepper.com.br,,,,,,1,,,name-agencia
33666927142,Agência LEV,agencialev.com.br,agencialev.com.br,,,,,,1,,,name-agencia
33676095263,Agência Life,agencia.life,agencia.life,,Mídia e Conteúdo,,,,2,1,,name-agencia|domain-agencia
34730991883,Agência Lincourt,agencialincourt.com.br,agencialincourt.com.br,,Mídia e Conteúdo,,,,1,1,,name-agencia
33787110940,Agência Live Markethings,,,,Mídia e Conteúdo,,,,1,2,,name-agencia
33083723817,Agência Live MKT,agencialivemkt.com.br,agencialivemkt.com.br,,Mídia e Conteúdo,,,,4,4,,name-agencia
51990844706,Agência LK,lkcomunicacao.com.br,lkcomunicacao.com.br,BROADCAST_MEDIA,Mídia e Conteúdo,Brazil,,,1,,1246600764,name-agencia
33073569160,Agencia LOI,agencialoi.com,agencialoi.com,,Mídia e Conteúdo,,,,2,1,,name-agencia
33586189105,Agência M2 Marcas,,,,,,,,1,,,name-agencia
33764744878,Agência M2W,,,,Mídia e Conteúdo,,,,1,1,,name-agencia
33653883537,Agência M3Com,m3com.com.br,m3com.com.br,,Mídia e Conteúdo,,,,1,3,,name-agencia
34933973686,Agência M4H,agenciam4h.com.br,agenciam4h.com.br,,Mídia e Conteúdo,,,,1,,,name-agencia
51766398572,Agência macrobrasil.com,macrobrasil.com.br,macrobrasil.com.br,,,,,,1,,1246600764,name-agencia
33493048682,Agência Madalena,agenciamadalena.com.br,agenciamadalena.com.br,,Mídia e Conteúdo,,,,5,3,,name-agencia
33652507204,Agência Magna,agenciamagna.com.br,agenciamagna.com.br,,Serviços Administrativos,,,,1,,,name-agencia
33763351829,Agência Magnex 360,,,,,,,,1,1,,name-agencia
37576194180,Agência Maiorino,maiorino.com.br,maiorino.com.br,,Mídia e Conteúdo,,,,1,2,,name-agencia
53148628076,Agência Mak,agenciamak.com.br,agenciamak.com.br,,,,,,1,1,1246600764,name-agencia
54170600317,Agência Mangata,mangata.ag,mangata.ag,,,,,,3,7,1246600764,name-agencia
33503091066,Agência Mattis,agenciamattis.com.br,agenciamattis.com.br,,Serviços Profissionais,,,,4,1,,name-agencia
33761803939,Agência Mattiz,,,,,,,,2,1,,name-agencia
38803443805,Agencia Mazos,,,,Mídia e Conteúdo,,,,1,1,,name-agencia
39583032361,Agência MB2,agenciamb2.com.br,agenciamb2.com.br,,,,,,1,1,,name-agencia
33794288762,Agência MCI,,,,,,,,2,2,,name-agencia
33653410825,Agência Me Gusta,megusta.com.br,megusta.com.br,,Mídia e Conteúdo,,,,1,,,name-agencia
33762422890,Agência Mega,jaderalmeida.com,https://www.jaderalmeida.com/,,,,,,1,1,,name-agencia
33070878785,Agência Memo,agenciamemo.com.br,agenciamemo.com.br,,Mídia e Conteúdo,,,,2,,,name-agencia
33662318627,Agência MKT,agenciamkt.com.br,agenciamkt.com.br,,Mídia e Conteúdo,,,,1,2,,name-agencia
33789844999,Agência MKT - Accenture,,,,Serviços Profissionais,,,,1,1,,name-agencia
33779294649,Agência MNW,,,,,,,,1,2,,name-agencia
33663865378,Agência Mokeka,mokeka.com.br,mokeka.com.br,,Mídia e Conteúdo,,,,1,,,name-agencia
33769770892,Agência Monk,,,,Mídia e Conteúdo,,,,1,1,,name-agencia
33580691372,Agência Mostarda Produções,praticagemdobrasil.org.br,https://www.praticagemdobrasil.org.br/,,Logística e Transporte,,,,2,2,,name-agencia
39582182058,Agência Motivare,agenciamotivare.com.br,agenciamotivare.com.br,,,,,,1,1,,name-agencia
33793963112,Agência Mova,,,,Mídia e Conteúdo,,,,1,1,,name-agencia
33761803936,Agência Multicase,,,,,,,,1,1,,name-agencia
33662937771,Agencia Multiplique,agenciamultiplique.com.br,agenciamultiplique.com.br,,Mídia e Conteúdo,,,,1,,,name-agencia
46580127558,Agência Nacional de Águas e Saneamento Básico,ana.gov.br,ana.gov.br,,Energia e Utilities,,,,1,1,,name-agencia
34936594256,Agência Nacional de Assistência Técnica e Extensão Rural,anater.org,anater.org,,Terceiro Setor,,,,1,,,name-agencia
33084653160,Agência Nacional de Aviação Civil,anac.gov.br,anac.gov.br,,,,,,5,2,customer,name-agencia
39600658953,Agência Nacional de Energia Elétrica - ANEEL - Brasil,aneel.gov.br,aneel.gov.br,,,,,,2,2,,name-agencia
32995061048,Agência Nacional de Saúde Suplementar - ANS,ans.gov.br,ans.gov.br,,,,,,1,,1062353184,name-agencia
33670760747,Agência NES,agencianes.com.br,agencianes.com.br,,Mídia e Conteúdo,,,,1,,,name-agencia
33766139221,Agência Netza,,,,Mídia e Conteúdo,,,,1,1,,name-agencia
33762111127,agencia news,,,,,,,,1,1,,name-agencia
33071653028,Agência Newton,newton.ag,newton.ag,,Mídia e Conteúdo,,,,1,,,name-agencia
33494443447,Agência NIX,nixagencia.com.br,nixagencia.com.br,,Mídia e Conteúdo,,,,2,1,,name-agencia
33073723794,Agência Nmais,agencianmais.com.br,agencianmais.com.br,,Mídia e Conteúdo,,,,5,3,,name-agencia
33795415695,Agência Nobre,,,,Mídia e Conteúdo,,,,1,1,,name-agencia
33753006117,Agência Novos Caminhos,,,,,,,,1,1,,name-agencia
33793963126,Agência nSco,,,,Mídia e Conteúdo,,,,1,1,,name-agencia
33671381803,Agencia Nuclear,nuclearproducoes.com.br,nuclearproducoes.com.br,,Serviços Administrativos,,,,1,,,name-agencia
44952590731,Agência Nusit,nusit.com.br,https://nusit.com.br,GRAPHIC_DESIGN,,Brazil,,,1,1,,name-agencia
33659840797,Agência Nuts,agencianuts.com.br,agencianuts.com.br,,,,,,4,3,,name-agencia
33675571215,Agência Nuts,nutsll.com.br,nutsll.com.br,,Serviços Administrativos,,,,1,,,name-agencia
39596477482,Agência Nuvem,agnuvem.com.br,agnuvem.com.br,GOVERNMENT_RELATIONS,Mídia e Conteúdo,Brazil,,,1,1,,name-agencia
33794952317,Agência OM,,,,,,,,1,1,,name-agencia
51256799800,Agencia On The Nose ,nose.ag,nose.ag,,Mídia e Conteúdo,,,,3,1,1246600764,name-agencia
33674641428,Agência Onze,onzemc.com.br,onzemc.com.br,,Mídia e Conteúdo,,,,3,2,,name-agencia
33762733717,Agência Original Experience,,,,,,,,1,1,,name-agencia
39592391445,Agência Orla,agenciaorla.com.br,agenciaorla.com.br,MANAGEMENT_CONSULTING,,Brazil,,,1,1,,name-agencia
52514321276,Agência Outbox,agenciaoutbox.com,agenciaoutbox.com,,Tecnologia e Comunicação,,,,1,,1062353184,name-agencia
41957297467,Agencia Palavra,sindicombustiveis-al.com.br,https://sindicombustiveis-al.com.br/,,Varejo e Comércio,,,,1,5,,name-agencia
33759813817,Agência Palestras de Sucesso,,,,Serviços Profissionais,,,,1,1,,name-agencia
33480412946,Agência People,people.etc.br,people.etc.br,,Mídia e Conteúdo,,,,11,10,1246600764,name-agencia
33803203508,Agência Performance,,,,Mídia e Conteúdo,,,,1,1,,name-agencia
33673847582,Agência Pericoco,pericoco.com.br,pericoco.com.br,,Mídia e Conteúdo,,,,3,1,,name-agencia
33002269873,Agência PHANT,agenciaphant.com.br,agenciaphant.com.br,,,,,,2,1,,name-agencia
33657327157,Agência Philmore,philmore.com.br,philmore.com.br,,Mídia e Conteúdo,,,,1,,,name-agencia
39600658967,Agência Plano Marketing,agenciaplanomarketing.com,agenciaplanomarketing.com,,,,,,1,1,,name-agencia|name-mkt
33587117932,Agência Platinum Brasil,br.pg.com,https://br.pg.com/,,Varejo e Comércio,,,,1,,,name-agencia
33550039140,Agência Play,agenciaplay.co,agenciaplay.co,,Mídia e Conteúdo,,,,4,6,1246600764,name-agencia
33589331054,Agência Plena Comunicação,,,,Mídia e Conteúdo,,,,1,1,,name-agencia|name-mkt
33479328408,Agência Plug,agenciaplug.com.br,agenciaplug.com.br,,,,,,6,4,,name-agencia
33516968022,Agência Popi,popi.ag,popi.ag,,Mídia e Conteúdo,,,,4,4,1246600764,name-agencia
33515274558,Agencia Porto,,,,Mídia e Conteúdo,,,,2,2,,name-agencia
33582689680,Agencia Preta PR,,,,Mídia e Conteúdo,,,,1,,,name-agencia
33742637682,Agência Procópio,,,,Mídia e Conteúdo,,,,1,3,,name-agencia
33792672596,Agência Produtiva Guru,,,,,,,,1,1,,name-agencia
34894954773,AGENCIA PROLEZO,prolezo.com.br,https://iguaba.rj.gov.br/,,Público / Governo,,,,2,3,1246600764,name-agencia
33508849515,Agência Promo,superaholding.com.br,superaholding.com.br,,,,,,1,1,,name-agencia
33742638149,Agência PromoAction,,,,Mídia e Conteúdo,,,,1,2,,name-agencia
39589220660,Agência PRP,prp.com.br,prp.com.br,,Mídia e Conteúdo,,,,2,3,,name-agencia
33657844854,Agência PUB,agencia.pub,agencia.pub,,Mídia e Conteúdo,,,,1,,,name-agencia|domain-agencia
33668728100,Agência Pública,apublica.org,apublica.org,,Mídia e Conteúdo,,,,1,,,name-agencia
33509928015,Agência Pulsa,agenciapulsa.com.br,agenciapulsa.com.br,,Mídia e Conteúdo,,,,1,2,,name-agencia
33672769870,Agência Punto,agenciapunto.com.br,agenciapunto.com.br,,Mídia e Conteúdo,,,,1,,,name-agencia
33742704521,Agência R2C,,,,,,,,2,4,customer,name-agencia
52068830989,Agência R8 Live,santander.com.br,https://www.santander.com.br/,,Financeiro,,,,8,12,customer,name-agencia
34906925197,Agência Rabisco,agenciarabisco.com.br,agenciarabisco.com.br,,,,,,1,1,customer,name-agencia
34820390692,Agência RAP,agenciarap.com,agenciarap.com,,Mídia e Conteúdo,,,,1,2,,name-agencia
33753937536,Agência Refresh,,,,,,,,1,1,,name-agencia
33759038123,Agência Reis Eventos,,,,Serviços Administrativos,,,,1,3,1246600764,name-agencia
33794116515,agência Rem Marketing,,,,Mídia e Conteúdo,,,,1,1,,name-agencia|name-mkt
33942250903,Agência Rock Comunicação,,,,Mídia e Conteúdo,,,,3,5,,name-agencia|name-mkt
33665686687,Agência Rocket,rocketcom.com.br,rocketcom.com.br,,Mídia e Conteúdo,,,,1,1,,name-agencia
34902648106,Agência RTW Brasil,rtwbrasil.com.br,rtwbrasil.com.br,,Varejo e Comércio,,,,1,,,name-agencia
33770079085,Agência S2,,,,,,,,1,1,,name-agencia
48566328111,Agência Sabiá,agenciasabia.com.br,agenciasabia.com.br,,Mídia e Conteúdo,,,,1,,subscriber,name-agencia
33671381684,Agência SALA,agenciasala.com.br,agenciasala.com.br,,Mídia e Conteúdo,,,,1,,,name-agencia
33758731603,Agência Selu,,,,,,,,1,1,,name-agencia
35582632873,Agência Sete,agenciasete.net,agenciasete.net,,Mídia e Conteúdo,,,,1,1,,name-agencia
39710149036,Agência Sete Dígitos,setedigitos.com,setedigitos.com,,Serviços Administrativos,,,,1,,,name-agencia
33654537882,Agência Simax Eventos,simax.com.br,simax.com.br,,,,,,1,2,,name-agencia
32809105835,Agência Simple Comunicação,agsimple.com.br,agsimple.com.br,,Mídia e Conteúdo,,,,1,,,name-agencia|name-mkt
33675416141,Agência SISTERS,agenciasisters.com.br,agenciasisters.com.br,,Mídia e Conteúdo,,,,1,,,name-agencia
33072428112,Agência Smash,agsmash.com.br,ifood.com.br,,Alimentação e Hospitalidade,,,,9,22,1246600764,name-agencia
33495371567,Agência Solis,agenciasolis.com.br,agenciasolis.com.br,,Mídia e Conteúdo,,,,3,5,1246600764,name-agencia
44446672012,Agência Sophya,sophya.com.br,sophya.com.br,,,,,,1,,,name-agencia
33074033452,Agência Soulve Marketing,soulve.com.br,soulve.com.br,,,,,,1,1,,name-agencia|name-mkt
33674641296,Agência Speed360,speed360.com.br,speed360.com.br,,Mídia e Conteúdo,,,,1,,,name-agencia
34900263526,Agência STARMKT,starmkt.com.br,starmkt.com.br,,Mídia e Conteúdo,,,,2,,,name-agencia
33668418066,Agencia Subido,autoprensa.com,autoprensa.com,,,,,,1,,,name-agencia
33742704509,Agência Supernovah,,,,,,,,1,1,,name-agencia
38974632985,Agência Surto,agenciasurto.com,agenciasurto.com,,,,,,2,1,,name-agencia
34914434068,Agencia Tamanduá,agenciatamandua.com.br,agenciatamandua.com.br,,,,,,1,,,name-agencia
33582213650,Agência Teodora,teodorarp.com.br,teodorarp.com.br,,,,,,1,,,name-agencia
34077469068,Agencia Terrua,agenciaterrua.com.br,https://www.bb.com.br/site/,,Financeiro,,,,9,15,1246600764,name-agencia
34903254304,Agência Tipo,agenciatipo.com.br,agenciatipo.com.br,,Mídia e Conteúdo,,,,1,,,name-agencia
34033746502,Agencia Tittanium,,,,Mídia e Conteúdo,,,,1,1,,name-agencia
33791700995,AGÊNCIA TM1,,,,,,,,1,1,1062353184,name-agencia
39582569240,Agência To Think,tothink.com.br,tothink.com.br,,,,,,3,3,,name-agencia
53715274619,Agência Tribo,agenciatribo.com.br,agenciatribo.com.br,,,,,,1,,1062353184,name-agencia
33500490024,Agência Trilhas,agenciatrilhas.com.br,agenciatrilhas.com.br,,Mídia e Conteúdo,,,,4,5,1246600764,name-agencia
33668109622,Agência UaiFire,uaifire.com,uaifire.com,,Mídia e Conteúdo,,,,1,,,name-agencia
33753626657,Agência Ubuntu,,,,Mídia e Conteúdo,,,,1,1,,name-agencia
33082102389,Agencia Um,agenciaum.ag,agenciaum.ag,,Mídia e Conteúdo,,,,1,,,name-agencia
33077203729,Agência Um,agenciaum.com.br,agenciaum.com.br,,,,,,5,3,,name-agencia
33794288460,AGENCIA UM.A,,,,,,,,2,2,,name-agencia
33787160157,Agência Uma.a,,,,,,,,1,1,,name-agencia
33495371267,Agência Union,agenciaunion.com,agenciaunion.com,,Mídia e Conteúdo,,,,2,2,,name-agencia
39586277166,Agência Universus,agenciauniversus.com.br,agenciauniversus.com.br,BROADCAST_MEDIA,,Brazil,,,2,4,,name-agencia
33658929194,Agência Varanda,varanda360.com.br,varanda360.com.br,,,,,,1,,,name-agencia
33074497174,Agência Vianews,vianews.com.br,vianews.com.br,,Mídia e Conteúdo,,,,1,,,name-agencia
33660769699,Agência Vilaça,agenciavilaca.com.br,agenciavilaca.com.br,,Mídia e Conteúdo,,,,1,,,name-agencia
33796647975,Agencia Vip Palestras,,,,Serviços Administrativos,,,,1,1,,name-agencia
33787160150,Agencia Vo2,,,,Mídia e Conteúdo,,,,1,1,,name-agencia
40379517528,Agência Vogue,agenciavogue.com.br,agenciavogue.com.br,MARKETING_AND_ADVERTISING,Mídia e Conteúdo,Brazil,,,2,1,,industry|name-agencia
33660769807,Agência VUFT,vuft.com.br,vuft.com.br,,Mídia e Conteúdo,,,,3,1,,name-agencia
37562455622,Agência W2M,agw2m.com.br,agw2m.com.br,,,,,,1,,,name-agencia
33051699311,Agência We,we.com.br,we.com.br,,Mídia e Conteúdo,,,,2,,,name-agencia
33677023364,Agencia Web Brasil,agenciawebbahia.com.br,agenciawebbahia.com.br,,,,,,1,,,name-agencia
33072735871,Agência Y2,agenciay2.com.br,agenciay2.com.br,,Mídia e Conteúdo,,,,2,1,,name-agencia
38745703777,Agencia Yall,,,,Mídia e Conteúdo,,,,1,1,,name-agencia
33764281889,Agência YHUU,,,,Mídia e Conteúdo,,,,1,2,1246600764,name-agencia
52817303328,Agência Zooba,zooba.com.br,zooba.com.br,,,,,,7,8,customer,name-agencia
33803512321,agência ZR,,,,,,,,1,1,,name-agencia
34929444021,agencia.com.br,agencia.com.br,agencia.com.br,,,,,,1,,,name-agencia|domain-agencia
34935056779,Agenzia Comunicacao,agenziacomunicacao.com.br,agenziacomunicacao.com.br,,Mídia e Conteúdo,,,,1,,,name-mkt
33667954330,Agile Comunicação,agile.com.br,agile.com.br,,Mídia e Conteúdo,,,,1,,,name-mkt
33056033115,Agilità Propaganda,agilita.com,agilita.com,,Mídia e Conteúdo,,,,1,,,name-mkt
39582879086,Agilitas,agilitas.com.br,agilitas.com.br,MARKETING_AND_ADVERTISING,,Brazil,,,1,4,,industry
33589952888,AGIR - Agência de Desenvolvimento de Santo Ângelo,,https://www.instagram.com/agir.sa/,,Mídia e Conteúdo,,,,2,1,,name-agencia
33493978201,Agro Agência Assessoria,agroa.com.br,agroa.com.br,,Mídia e Conteúdo,,,,1,3,1246600764,name-agencia
33766139202,AHAM Agência Criativa,,,,,,,,3,2,,name-agencia
33658154522,AIMAGRO /Agency International Marketing Agriculture,aimagro.com,aimagro.com,,,,,,1,,,name-agencia|name-mkt
33072736555,Air Midia Digital,airmidiadigital.com,airmidiadigital.com,,Mídia e Conteúdo,,,,1,,,name-mkt
33751203590,Aki Marketing,,,,,,,,1,1,,name-mkt
33052471370,Aki Marketing 360°,akiagencia.com.br,akiagencia.com.br,,Mídia e Conteúdo,,,,1,,,name-mkt
33939034954,ÁLAMO COMUNICAÇÃO,,,,,,,,1,3,,name-mkt
33766757743,Alimentos Mídia e Serviços Ltda,,,,,,,,1,1,,name-mkt
36956339856,Alkimia Agência de Marketing Digital,alkimiaagenca.com.br,alkimiaagenca.com.br,,,,,,1,,,name-agencia|name-mkt
36977814346,Alkimia Agência de Marketing Digital,alkimiaagencia.cm.br,alkimiaagencia.cm.br,,,,,,1,,,name-agencia|name-mkt
39588600241,All Set Comunicação,allsetcomunicacao.com.br,allsetcomunicacao.com.br,COMPUTER_SOFTWARE,Mídia e Conteúdo,Brazil,,,1,1,,name-mkt
37171838556,Amazone Marketing,amazonemarketing.com.br,amazonemarketing.com.br,,Mídia e Conteúdo,,,,1,1,,name-mkt
32789238076,Amendoim Comunicação,amendoimcomunicacao.com,amendoimcomunicacao.com,,Mídia e Conteúdo,,,,1,,,name-mkt
39584576880,AMMAX - Marketing Imobiliário,ammax.com.br,ammax.com.br,,Mídia e Conteúdo,,,,1,1,,name-mkt
33506558786,AMP Propaganda,amppropaganda.com.br,amppropaganda.com.br,,Mídia e Conteúdo,,,,3,1,,name-mkt
39595839531,ampfy,ampfy.com,ampfy.com,MARKETING_AND_ADVERTISING,Mídia e Conteúdo,Brazil,Sao Paulo,Vila Madalena,1,1,,industry
39587981431,Ampla Comunicação,ampla.com.br,ampla.com.br,MARKETING_AND_ADVERTISING,,Brazil,Espirito Santo,,1,1,,industry|name-mkt
33786883767,Ampla Marketing Promocional,,,,Mídia e Conteúdo,,,,1,1,,name-mkt
47185105797,Âncora Comunicação,ancoracomunicacao.com.br,ancoracomunicacao.com.br,,Serviços Administrativos,,,,1,1,,name-mkt
33082871100,Ânggulo Comunicação Estratégica,anggulo.com.br,anggulo.com.br,,Serviços Administrativos,,,,6,3,,name-mkt
44372335369,ANS Marketing,ansmarketing.com.br,ansmarketing.com.br,,Mídia e Conteúdo,,,,1,2,,name-mkt
34929444202,Antares Comunicação,antarescom.com.br,antarescom.com.br,,Mídia e Conteúdo,,,,1,,,name-mkt
39596923932,Antonicelli Produções,antonicelli.com.br,antonicelli.com.br,MARKETING_AND_ADVERTISING,Serviços Administrativos,Brazil,,,1,2,,industry
33659685471,Ap Video Comunicacao,apcomunicacao.com.br,apcomunicacao.com.br,,,,,,1,1,,name-mkt
33662781513,Ápice Comunicação,apicecom.com.br,apicecom.com.br,,Mídia e Conteúdo,,,,1,,,name-mkt
53355688475,Apolo Marketing Digital,apolomarkerting.digital,apolomarkerting.digital,,,,,,1,,1062353184,name-mkt
33070725801,Approach Comunicação,approach.com.br,approach.com.br,,Mídia e Conteúdo,,,,7,6,1246600764,name-mkt
33519938322,Ar Propaganda,arppg.com.br,arppg.com.br,,Mídia e Conteúdo,,,,3,2,,name-mkt
32803230294,Arconel Marketing e Design,arconel.com.br,arconel.com.br,,Mídia e Conteúdo,,,,1,,,name-mkt
39596303023,Arena Marketing,arenamarketing.com.br,arenamarketing.com.br,MANAGEMENT_CONSULTING,Mídia e Conteúdo,Brazil,Sao Paulo,Sao Paulo,1,1,,name-mkt
33052006710,Argumento Comunicação,argumentocomunicacao.com.br,argumentocomunicacao.com.br,,Mídia e Conteúdo,,,,4,4,1246600764,name-mkt
34938060393,Aris Marketing Digital,arisdigital.com.br,arisdigital.com.br,,Mídia e Conteúdo,,,,1,,,name-mkt
39596150374,Army Marketing,armymkt.com.br,armymkt.com.br,,,,,,1,1,,name-mkt
39596923933,Arriba! Comunicação,arribacomunicacao.com.br,arribacomunicacao.com.br,,,,,,2,2,,name-mkt
33663247004,Art.Co Comunicação e Marketing,artco.com.br,artco.com.br,,Mídia e Conteúdo,,,,1,,,name-mkt
33071342879,Arteria Comunicação,arteria.ag,arteria.ag,,Mídia e Conteúdo,,,,2,1,,name-mkt
39073856003,AS Comunicação AG,ascomunicacaoag.com.br,ascomunicacaoag.com.br,,Mídia e Conteúdo,,,,1,,,name-mkt
52091382068,AS Comunicação AG,ascominicacaoag.com.br,ascominicacaoag.com.br,,,,,,1,,subscriber,name-mkt
39581873304,Askme,askme.com.br,askme.com.br,MARKETING_AND_ADVERTISING,,Brazil,Sao Paulo,Sao Paulo,1,1,,industry
33658464022,Assessiva Comunicação,assessiva.com.br,assessiva.com.br,,Mídia e Conteúdo,,,,1,,,name-mkt
33085423392,At2d Agency,at2d.com.br,at2d.com.br,,Mídia e Conteúdo,,,,9,5,customer,name-agencia
33079063857,Ateliê de Propaganda,ateliedepropaganda.com.br,ateliedepropaganda.com.br,,Mídia e Conteúdo,,,,8,15,1246600764,name-mkt
33755176752,Atitude Comunicação,,,,,,,,1,1,,name-mkt
33665532172,Ativação Live Marketing,ativacaomkt.com.br,ativacaomkt.com.br,,Mídia e Conteúdo,,,,2,2,1246600764,name-mkt
33661853528,ATMO Mídia Digital Corporativa,atmodigital.tv.br,atmodigital.tv.br,,,,,,2,1,,name-mkt
33667644537,Átomo Comunicação,atomocom.com.br,atomocom.com.br,,Mídia e Conteúdo,,,,1,,,name-mkt
33073878819,aunica Interactive Marketing,aunica.com,aunica.com,,Mídia e Conteúdo,,,,1,1,,name-mkt
37581113716,Authoria Agência Literária & Studio,authoriastudio.com.br,authoriastudio.com.br,,Serviços Profissionais,,,,1,,,name-agencia
33665843104,Avance Comunicação e Eventos,avanceeventos.com.br,avanceeventos.com.br,,Serviços Administrativos,,,,1,,,name-mkt
33666927029,Avantgarde Brasil Comunicacao Ltda.,avantgardebrasil.com.br,avantgardebrasil.com.br,,,,,,6,5,,name-mkt
33495062170,Aya Live Marketing,momentoaya.com.br,momentoaya.com.br,,Mídia e Conteúdo,,,,1,,,name-mkt
49509573174,AYK Agência Digital,aykagenciadigital.com.br,aykagenciadigital.com.br,,Mídia e Conteúdo,,,,2,,1062353184,name-agencia
33071036216,Azul Publicidade,azulpublicidade.com.br,azulpublicidade.com.br,,Mídia e Conteúdo,,,,3,3,,name-mkt
33668109483,B-17 Extreme Marketing,b17.com.br,b17.com.br,,,,,,1,1,,name-mkt
54460193662,B2 Agência,b2agencia.com.br,b2agencia.com.br,,,,,,1,,subscriber,name-agencia
33584784269,B2 Marketing Digital,b2marketingdigital.com.br,b2marketingdigital.com.br,,,,,,1,,,name-mkt
35910905455,B36 Marketing Digital,b36.com.br,b36.com.br,,Mídia e Conteúdo,,,,1,1,,name-mkt
33662318650,Bait Digital Agency,agenciabait.com,agenciabait.com,,Mídia e Conteúdo,,,,1,,,name-agencia
53528529223,Baruco Comunicação,baruco.com.br,baruco.com.br,,Mídia e Conteúdo,,,,1,1,customer,name-mkt
53528590461,Básica Comunicação,www.basicacomunicacoes.com.br,www.basicacomunicacoes.com.br,,,,,,3,2,customer,name-mkt
33518087248,BBDA Marketing Onlife,bbda.com.br,bbda.com.br,,Mídia e Conteúdo,,,,1,1,,name-mkt
54625542215,BC Marketing,bcmarketing.ag,bcmarketing.ag,,,,,,1,,1062353184,name-mkt
33080867100,Bears Marketing,bearsmkt.com,https://www.amgen.com.br/,,Mídia e Conteúdo,,,,4,7,customer,name-mkt
33671381680,BeeWeb Agência Digital,beeweb.com.br,beeweb.com.br,,Mídia e Conteúdo,,,,1,1,,name-agencia
34914433973,Begin Marketing de Relacionamento,beginmkt.com.br,beginmkt.com.br,,Mídia e Conteúdo,,,,1,,,name-mkt
39593940853,Bem + Comunicacao Integrada,bemmais.com.br,bemmais.com.br,,,,,,1,1,,name-mkt
39596303015,Bench Comunicação,benchcomunicacao.com,benchcomunicacao.com,,Mídia e Conteúdo,Brazil,Sao Paulo,Vila Mariana,1,2,,name-mkt
39591617143,Bendita Agência,benditaagencia.com.br,benditaagencia.com.br,,,,,,1,1,,name-agencia
39586123641,Bespoke: Custom Agency,bespoke.work,bespoke.work,MANAGEMENT_CONSULTING,,Brazil,Sao Paulo,Sao Paulo,2,2,,name-agencia
38498781773,Bibi Borges Marketing Digital,bibiborgesmkt.com,bibiborgesmkt.com,,Mídia e Conteúdo,,,,3,1,1062353184,name-mkt
45913451425,Bigh Agency,bigh.agency,bigh.agency,BROADCAST_MEDIA,Mídia e Conteúdo,United States,Ohio,Milford,1,1,,name-agencia|domain-agencia
33802586926,BIZZ ASSESSORIA DE MARKETING,,,,Mídia e Conteúdo,,,,1,1,,name-mkt
33081020320,Black Marketing,black-mkt.com.br,black-mkt.com.br,,Mídia e Conteúdo,,,,1,,,name-mkt
33654848686,Bliss Marketing,blissmarketing.com.br,blissmarketing.com.br,,,,,,1,1,,name-mkt
37580804021,blood comunicação,bloodcomunicacao.com.br,bloodcomunicacao.com.br,,,,,,6,7,,name-mkt
39593786780,Blue Comunicação Unificada,blue.com.br,blue.com.br,,Tecnologia e Comunicação,Brazil,Sao Paulo,,1,2,,name-mkt
33676713762,Blueberry Marketing Online,bbmarketing.com.br,bbmarketing.com.br,,Mídia e Conteúdo,,,,1,,,name-mkt
37584521040,Blueberry Marketing Online,blueberrydigital.com.br,blueberrydigital.com.br,,,,,,1,,,name-mkt
33670296458,Bluebox Comunicação,blueboxcomunicacao.ag,blueboxcomunicacao.ag,,,,,,1,,,name-mkt
33674795681,Blues Propaganda,bluespropaganda.com,bluespropaganda.com,,Mídia e Conteúdo,,,,1,1,,name-mkt
33656707404,BMX3 COMUNICAÇÃO,bmx3.com.br,bmx3.com.br,,,,,,1,,,name-mkt
33751256222,BoasNovas Comunicação,boasnovascomunicacao.com.br,boasnovascomunicacao.com.br,,Mídia e Conteúdo,,,,1,1,,name-mkt
39586277179,Boldness Comunicação,boldnesscomunicacao.com.br,boldnesscomunicacao.com.br,,,,,,1,3,,name-mkt
35634199298,Bop Comunicação Integrada,bop.expert,bop.expert,,Mídia e Conteúdo,,,,1,1,,name-mkt
33759349174,Boreal Agency,,,,Mídia e Conteúdo,,,,1,1,,name-agencia
33660305485,Brado Comunicação,bradocom.com,bradocom.com,,Mídia e Conteúdo,,,,2,3,,name-mkt
39582414657,Brains Live Marketing,agbrains.com.br,agbrains.com.br,MARKETING_AND_ADVERTISING,,Brazil,,,1,,,industry|name-mkt
39628519698,Brambilla Comunicação,brambilla.vc,brambilla.vc,,,Brazil,Sao Paulo,,1,,,name-mkt
33078598500,Brandworks Comunicação,brandworks.com.br,brandworks.com.br,,Mídia e Conteúdo,,,,6,7,,name-mkt
39167878709,Brasileira Comunicação,brasileirapropaganda.com.br,brasileirapropaganda.com.br,BROADCAST_MEDIA,,Brazil,,,1,1,1062353184,name-mkt
32797872408,Breve Marketing,brevemarketing.com,brevemarketing.com,,Mídia e Conteúdo,,,,1,1,1246600764,name-mkt
51974709017,Brezilya Agency,brezilyaagency.com,brezilyaagency.com,,,,,,1,,subscriber,name-agencia
33658154419,Brix Comunicação,brixcomunicacao.com.br,brixcomunicacao.com.br,,Mídia e Conteúdo,,,,3,1,1246600764,name-mkt
33779295051,Brother Comunicação ...,brothercom.com.br,https://www.brothercom.com.br/,,Serviços Administrativos,,,,1,9,customer,name-mkt
33666460997,Bruta Marketing,brutamarketing.com.br,brutamarketing.com.br,,Mídia e Conteúdo,,,,1,,,name-mkt
33669502859,Bunch Marketing & Growth,wearebunch.com.br,wearebunch.com.br,,Mídia e Conteúdo,,,,1,,,name-mkt
33669988618,Bungalow Agency,bungalowagency.com,bungalowagency.com,,Serviços Administrativos,,,,1,,,name-agencia
33794288745,C2B Agência,,,,,,,,2,2,,name-agencia
33072581011,C4 Publicidade,c4publicidade.com.br,https://www.honda.com.br/,,Indústria,,,,4,6,1246600764,name-mkt
33511408931,C8 Marketing,c8mkt.com.br,c8mkt.com.br,,,,,,1,,,name-mkt
39600815650,Calumma Comunicação - ADAPTUDE,calumma.com.br,calumma.com.br,MARKETING_AND_ADVERTISING,,Brazil,Santa Catarina,Saco Grande,1,1,,industry|name-mkt
33673539481,Camejo Estratégias em Comunicação,camejo.com.br,camejo.com.br,,Mídia e Conteúdo,,,,1,,,name-mkt
33084654497,Camilo Comunicação,camilocomunicacao.com.br,camilocomunicacao.com.br,,Mídia e Conteúdo,,,,1,,,name-mkt
33508230508,Caramelo Comunicação,caramelocomunicacao.com.br,caramelocomunicacao.com.br,,Mídia e Conteúdo,,,,1,1,,name-mkt
33942251193,Carbono Agência,,,,Mídia e Conteúdo,,,,2,2,,name-agencia
33511563522,Cartê Marketing,carte.marketing,carte.marketing,,Serviços Profissionais,,,,1,3,1246600764,name-mkt|domain-mkt
33670762266,Casa Brasil,agencia.casa,agencia.casa,,Mídia e Conteúdo,,,,1,,,domain-agencia
39583187076,Casa de Bamba Mkt,casadebambamkt.com.br,casadebambamkt.com.br,MARKETING_AND_ADVERTISING,,Brazil,,,1,1,,industry
33942251538,Casulo Comunicação,,,,Mídia e Conteúdo,,,,1,3,,name-mkt
33519013298,CDI Comunicação,cdicom.com.br,cdicom.com.br,,Mídia e Conteúdo,,,,2,1,,name-mkt
39592391342,Central de Propaganda,centraldepropaganda.com.br,centraldepropaganda.com.br,,,Brazil,Sao Paulo,,2,2,,name-mkt
39589529727,Change Comunicação,changecomunicacao.com.br,changecomunicacao.com.br,MARKETING_AND_ADVERTISING,,Brazil,Parana,Agua Verde,1,1,,industry|name-mkt
33662627859,Chleba Agência Digital,chleba.net,chleba.net,,Varejo e Comércio,,,,2,,1246600764,name-agencia
39585657952,Cia Brasileira Trade Marketing,ciabrasileiratrademkt.com.br,ciabrasileiratrademkt.com.br,,Tecnologia e Comunicação,,,,1,1,,name-mkt
33659840825,CIA de Comunicação,ciadom2.com.br,ciadom2.com.br,,Mídia e Conteúdo,,,,2,,,name-mkt
33673693369,Cia Duarte – Agência Full Service,ciaduarte.com.br,ciaduarte.com.br,,Mídia e Conteúdo,,,,1,,,name-agencia
39586432311,Cibratrade - Cia. Brasileira Trade Marketing,cibratrade.com.br,cibratrade.com.br,,Serviços Profissionais,,,,1,1,,name-mkt
39591308851,Class Marketing,classmarketing.com.br,classmarketing.com.br,CONSUMER_SERVICES,,Brazil,,,1,1,,name-mkt
33656707412,Clemente Design Propaganda,clementedesign.com.br,clementedesign.com.br,,Tecnologia e Comunicação,,,,1,1,,name-mkt
34906924977,Clima Comunicação,climacomunicacao.com.br,climacomunicacao.com.br,,Mídia e Conteúdo,,,,2,2,,name-mkt
33052471366,Clube de Mídia,clubedemidia.com.br,clubedemidia.com.br,,Mídia e Conteúdo,,,,1,,,name-mkt
39586277180,Colmeia,colmeiaperformance.com.br,colmeiaperformance.com.br,MARKETING_AND_ADVERTISING,,Brazil,,,1,1,,industry
39590380544,Combi Comunicação e Design,combi.com.br,combi.com.br,,Mídia e Conteúdo,Brazil,Parana,,1,2,,name-mkt
33658619722,Competence Comunicação,competence.com.br,competence.com.br,,Mídia e Conteúdo,,,,2,2,,name-mkt
33656707357,Comunic Comunicação Estratégica,comunic.com.br,comunic.com.br,,Mídia e Conteúdo,,,,1,1,,name-mkt
32808024450,Comunicação Corporativa - Preservando Relações,porthiapr.com.br,porthiapr.com.br,,,,,,1,,1062353184,name-mkt
34991390340,Comunicação Encantada,comunicacaoencantada.com.br,comunicacaoencantada.com.br,,Mídia e Conteúdo,,,,1,1,,name-mkt
35326117791,comunicacao.srv.br,comunicacao.srv.br,comunicacao.srv.br,,,,,,1,,1062353184,name-mkt|domain-mkt
33519937288,Confetti Agência,confettiagencia.com.br,confettiagencia.com.br,,Mídia e Conteúdo,,,,4,2,,name-agencia
33660305460,Contexto Mídia,contextomidia.com.br,contextomidia.com.br,,Mídia e Conteúdo,,,,3,4,1246600764,name-mkt
33657690651,Cooperative Marketing Digital,cooperative.com.br,cooperative.com.br,,Varejo e Comércio,,,,1,,,name-mkt
39591617139,Corpo5 Comunicação,corpo5.com.br,corpo5.com.br,,,,,,1,3,,name-mkt
39584265787,CQuattro Comunicação,cquatrocomunica.com,cquatrocomunica.com,,,,,,1,1,,name-mkt
39585813856,Creative Edition,creativeedition.com.br,creativeedition.com.br,MARKETING_AND_ADVERTISING,Mídia e Conteúdo,Brazil,Sao Paulo,,1,1,,industry
33755794955,Criart Midia e Design,,,,Mídia e Conteúdo,,,,1,1,,name-mkt
39586123632,Crossmedia Comunicação,crossmedia.com.br,crossmedia.com.br,,,,,,2,2,,name-mkt
33660305439,CSZ Propaganda,cszpropaganda.com.br,cszpropaganda.com.br,,,,,,1,,,name-mkt
53121915177,Culture,culture-agency.com,culture-agency.com,,,,,,1,,subscriber,domain-agencia
33658619720,CW Marketing,cwmarketing.com.br,cwmarketing.com.br,,,,,,2,,1062353184,name-mkt
33794116511,D&M Assessoria de Marketing,,,,Mídia e Conteúdo,,,,1,1,,name-mkt
33079781465,Damidia Marketing & Conteúdo,damidia.com.br,damidia.com.br,,Mídia e Conteúdo,,,,1,,,name-mkt
33501232483,Dançar Marketing,dancarmarketing.com.br,dancarmarketing.com.br,,Mídia e Conteúdo,,,,1,2,1246600764,name-mkt
32794527665,Daniela Andrade Comunicação,danielaandradecomunicacao.com.br,danielaandradecomunicacao.com.br,,Serviços Profissionais,,,,1,,1062353184,name-mkt
33518087250,Dankie Comunicação,dankie.com.br,dankie.com.br,,,,,,1,,,name-mkt
46750614030,Danthi Comunicação,danthi.com.br,danthi.com.br,,,,,,1,1,,name-mkt
52232969512,DAS Musik Agency,dasmusikbr.com,dasmusikbr.com,,,,,,1,,subscriber,name-agencia
33654538001,DaVinci Marketing e Tecnologia,agenciadavinci.com,agenciadavinci.com,,Mídia e Conteúdo,,,,1,,,name-mkt
33085578088,DCE Agência,dce.com.br,dce.com.br,,Mídia e Conteúdo,,,,2,,,name-agencia
39582028836,De Conti Ações Integradas de Marketing,deconti.com.br,deconti.com.br,,Mídia e Conteúdo,Brazil,,,3,4,,name-mkt
33593582690,De Marco / Plena Publicidade Organização de Eventos Ltda,,,,Serviços Administrativos,,,,1,1,,name-mkt
33656397328,De Olho no Mundo Agência de Notícias,deolhonomundo.com.br,deolhonomundo.com.br,,Mídia e Conteúdo,,,,1,,,name-agencia
33070105358,De Pieri Comunicacao,soniadepieri.com.br,soniadepieri.com.br,,,,,,1,1,,name-mkt
33677486982,Debrito Propaganda,debrito.com.br,debrito.com.br,,Mídia e Conteúdo,,,,2,1,,name-mkt
33794952312,Decisão Comunicação,,,,Mídia e Conteúdo,,,,1,1,,name-mkt
34358335625,Dehlicom - Soluções em Comunicação Empresarial,dehlicom.com.br,dehlicom.com.br,,,,,,1,,,name-mkt
39581563288,Delantero Comunicação,delantero.com.br,delantero.com.br,BROADCAST_MEDIA,,Brazil,Ceara,Fortaleza,1,1,,name-mkt
33670607004,Delmonico Marketing & Negócios,delmonicomkt.com.br,delmonicomkt.com.br,,Mídia e Conteúdo,,,,1,,,name-mkt
39588291154,Denise Delalamo Comunicação,denisedelalamocomunicacao.com.br,denisedelalamocomunicacao.com.br,,Mídia e Conteúdo,Brazil,Sao Paulo,,1,1,,name-mkt
34033745678,Desenvolve SP- Agência de Fomento do estado de SP,,,,,,,,6,4,,name-agencia
39595994391,Devir Comunicação,devircomunicacao.com.br,devircomunicacao.com.br,MARKETING_AND_ADVERTISING,,Brazil,,,1,1,,industry|name-mkt
50322440835,Diferencial Comunicação,diferencialcomunica.com.br,diferencialcomunica.com.br,,Mídia e Conteúdo,,,,1,,1246600764,name-mkt
41135071250,Diferente Agencia,diferente.ag,diferente.ag,,Mídia e Conteúdo,Antigua and Barbuda,,,6,9,,name-agencia
33759038122,Digi Agência,cargill.com.br,https://www.cargill.com.br/,,Agronegócio,,,,1,1,,name-agencia
52944589885,Digital Comunicação ,agenciadigital.com.vc,agenciadigital.com.vc,,,,,,1,1,1246600764,name-mkt
33666927145,Digital Xperts - Marketing Digital,digitalxperts.com.br,digitalxperts.com.br,,Mídia e Conteúdo,,,,1,,,name-mkt
37581732010,DINT Marketing do Brasil,dint.com.br,dint.com.br,,,,,,1,,,name-mkt
32974847810,Dio Marketing,diomkt.com,https://www.profarma.com.br/,,Indústria,,,,12,7,,name-mkt
33667334260,Direto ao Ponto. - Marketing & Trade & Vendas,diaop.com.br,diaop.com.br,,Serviços Profissionais,,,,1,,,name-mkt
39625938782,Dito e Feito Marketing,ditoefeitomarketing.com.br,ditoefeitomarketing.com.br,MARKETING_AND_ADVERTISING,,Brazil,,,1,,,industry|name-mkt
33493977925,Diversa Comunicação Consciente,diversacomunicacao.com,diversacomunicacao.com,,Mídia e Conteúdo,,,,1,2,,name-mkt
33662008911,Dixon Comunicação,dixoncomunicacao.com,dixoncomunicacao.com,,Mídia e Conteúdo,,,,1,,,name-mkt
33492096002,DL COMUNICAÇÃO E EVENTOS,dlcomunica.com.br,dlcomunica.com.br,,Mídia e Conteúdo,,,,2,2,1246600764,name-mkt
39594094891,Dls/ Comunicação,dlscomunicacao.com.br,dlscomunicacao.com.br,,Mídia e Conteúdo,Brazil,Sao Paulo,,1,1,,name-mkt
49510374695,DMaker Publicidade,dmakerpublicidade.com,dmakerpublicidade.com,,Mídia e Conteúdo,,,,1,1,1246600764,name-mkt
39593940866,DMPMKT Agência de Marketing Digital,dmpmkt.com.br,dmpmkt.com.br,,Mídia e Conteúdo,,,,1,1,,name-agencia|name-mkt
36608584971,Doble Comunicação e Eventos,doble.digital,doble.digital,,Mídia e Conteúdo,,,,4,4,,name-mkt
39593786777,DoBrasil Live Marketing,dobrasil.live,dobrasil.live,,Mídia e Conteúdo,Brazil,Minas Gerais,,3,1,1062353184,name-mkt
39595374503,Dona Jurema Propaganda,donajuremapropaganda.com.br,donajuremapropaganda.com.br,MANAGEMENT_CONSULTING,Mídia e Conteúdo,Brazil,,,1,1,,name-mkt
33769770898,Donu Assessoria de Marketing,,,,Mídia e Conteúdo,,,,1,2,,name-mkt
33480411802,Dots Marketing,dotsmarketing.com.br,dotsmarketing.com.br,,Serviços Profissionais,,,,1,,,name-mkt
33668263843,Dpi Comunicação,dpicomunicacao.com.br,dpicomunicacao.com.br,,Mídia e Conteúdo,,,,1,,,name-mkt
33825830497,DPI Publicidade,,,,Mídia e Conteúdo,,,,1,,,name-mkt
33671688776,Drum Comunicação,drumcomm.com,drumcomm.com,,Mídia e Conteúdo,,,,1,,,name-mkt
33664796335,Duda Streb Comunicação,eduardastreb.com.br,eduardastreb.com.br,,Mídia e Conteúdo,,,,1,,,name-mkt
52706738590,DUDUNEWS COMUNICAÇÃO,dndudunews.com,dndudunews.com,TELECOMMUNICATIONS,,,Rio Grande do Sul,Novo Hamburgo,1,1,1246600764,name-mkt
34929132324,Duplla Comunicação,duplla.com,duplla.com,,Mídia e Conteúdo,,,,1,,,name-mkt
34900263561,E-Dialog Comunicação Digital,edialog.com.br,edialog.com.br,,Mídia e Conteúdo,,,,1,,,name-mkt
33676559361,E-made Consultoria em Comunicação,e-made.com.br,e-made.com.br,,Mídia e Conteúdo,,,,1,,,name-mkt
37576038660,e-Press Comunicação,epress.com.br,epress.com.br,,Mídia e Conteúdo,,,,1,,,name-mkt
33664331309,E-Tools Comunicacao Digital,etools.com.br,etools.com.br,,,,,,1,,,name-mkt
33073105714,e21  Agência de Multicomunicação,e21.com.br,e21.com.br,,Mídia e Conteúdo,,,,1,,,name-agencia
33497547168,Eagle Agência,eagleagencia.com.br,eagleagencia.com.br,,Mídia e Conteúdo,,,,3,,,name-agencia
33663402314,EDB Comunicação,edbcomunicacao.com.br,edbcomunicacao.com.br,,Mídia e Conteúdo,,,,1,,,name-mkt
39586277175,Editwork Publicidade,editwork.com.br,editwork.com.br,BROADCAST_MEDIA,,Brazil,,,1,1,,name-mkt
39595839558,EDM Logos Comunicacao Corporativa,edmlogos.com.br,edmlogos.com.br,,,,,,1,1,,name-mkt
33672769877,Edson Goulart - Soluções em Marketing,edsongoulart.com.br,edsongoulart.com.br,,Mídia e Conteúdo,,,,1,,,name-mkt
33576667137,Eko Comunicação,agenciaeko.com.br,http://agenciaeko.com.br/,,,,,,1,3,1246600764,name-mkt
48713228412,Ela Explica Marketing,elaexplicamarketing.com,elaexplicamarketing.com,,Mídia e Conteúdo,,,,1,,1062353184,name-mkt
33053864326,Eletta Agência de Eventos,eletta.com.br,eletta.com.br,,Serviços Administrativos,,,,3,1,,name-agencia
34916714517,Ellite Agência Digital,ellitedigital.com.br,ellitedigital.com.br,,Mídia e Conteúdo,,,,1,,,name-agencia
34900571994,Engaja Comunicação,engajacomunicacao.com.br,engajacomunicacao.com.br,,Mídia e Conteúdo,,,,3,,,name-mkt
33520140040,Enlace Gestão em Marketing,enlacegestao.com.br,enlacegestao.com.br,,Mídia e Conteúdo,,,,3,,,name-mkt
33666307188,EPR Comunicação Corporativa,epr.com.br,epr.com.br,,Mídia e Conteúdo,,,,1,,,name-mkt
33759349176,Escala Metra Comunicação,,,,,,,,1,1,,name-mkt
33052628108,ESIC Business & Marketing School,esic.br,esic.br,,Educação,,,,2,,,name-mkt
33652507217,Esquilo Marketing,esquilomkt.com.br,esquilomkt.com.br,,,,,,1,,1062353184,name-mkt
33479173305,Essencial Desenvolvimento Humano - A sua agência de RH,essencialdh.com,essencialdh.com,,Serviços Profissionais,,,,1,,,name-agencia
32899222026,Expressio Comunicação,expressiocomunicacao.com.br,expressiocomunicacao.com.br,,Mídia e Conteúdo,,,,1,,,name-mkt
36497038756,F2C Propaganda,f2cpropaganda.com.br,f2cpropaganda.com.br,,,,,,1,,,name-mkt
39601275061,Fábrica de Ideias,fabricadeideias.net,fabricadeideias.net,MARKETING_AND_ADVERTISING,Mídia e Conteúdo,Brazil,Sao Paulo,,1,1,,industry
33654038455,Falando Bem Capacitação em Comunicação,falandobem.com.br,falandobem.com.br,,Serviços Profissionais,,,,1,,,name-mkt
33673539478,FAPCOM - Faculdade Paulus de Tecnologia e Comunicação,fapcom.edu.br,fapcom.edu.br,,Tecnologia e Comunicação,,,,2,2,,name-mkt
33514815041,Far Agência,faragencia.com,faragencia.com,,Mídia e Conteúdo,,,,6,3,,name-agencia
33658310427,Faro Comunicação,farocomunicacao.com,farocomunicacao.com,,Mídia e Conteúdo,,,,1,,,name-mkt
39589994126,Favretto Paineis,favrettopaineis.com.br,favrettopaineis.com.br,MARKETING_AND_ADVERTISING,Mídia e Conteúdo,Brazil,,,1,1,,industry
33494753052,Feeling Comunicação e Eventos,feeling.ppg.br,feeling.ppg.br,,Mídia e Conteúdo,,,,1,,,name-mkt
33665686596,Fellegger Agencia,fellegger.com.br,fellegger.com.br,,,,,,1,,,name-agencia
34893208375,FF Comunicação,agenciaff.com.br,agenciaff.com.br,,Mídia e Conteúdo,,,,1,,,name-mkt
39588910351,Filadélfia Comunicação,filadelfiacom.com.br,filadelfiacom.com.br,MARKETING_AND_ADVERTISING,Tecnologia e Comunicação,Brazil,Minas Gerais,,1,1,,industry|name-mkt
34893055547,FINCO Comunicação,finco.com.br,finco.com.br,,Mídia e Conteúdo,,,,1,,,name-mkt
48716169401,Finestra Comunicação,finestracomunicacao.com.br,finestracomunicacao.com.br,,,,,,1,,1062353184,name-mkt
33794487202,Fire Marketing e Comunicação,,,,Mídia e Conteúdo,,,,1,1,,name-mkt
39582182145,Fito Marketing,fitomarketing.com.br,fitomarketing.com.br,PROFESSIONAL_TRAINING_COACHING,,Brazil,Sao Paulo,Sao Paulo,1,1,,name-mkt
37567091980,Fittipaldi Internacional Marketing,fittipaldi.com.br,fittipaldi.com.br,,,,,,1,,,name-mkt
33516967760,Flamingo Marketing,flamingomkt.com.br,flamingomkt.com.br,,,,,,1,,,name-mkt
39591463835,Flicka Marketing,flickamarketing.com.br,flickamarketing.com.br,MANAGEMENT_CONSULTING,,Brazil,,,2,4,,name-mkt
39583496335,Flyon Marketing Digital,flyon.com.br,flyon.com.br,ONLINE_MEDIA,Mídia e Conteúdo,Brazil,Sao Paulo,Sao Paulo,1,1,,name-mkt
33788916887,Focus Marketing,,,,,,,,1,1,,name-mkt
44639904302,focusdm,focusdm.com.br,focusdm.com.br,MARKETING_AND_ADVERTISING,Serviços Profissionais,Brazil,,,1,1,,industry
33802282527,FOR YOU - AGÊNCIA DE MARKETING,,,,Mídia e Conteúdo,,,,1,1,,name-agencia|name-mkt
33518860907,For You Marketing,foryoumarketing.com,foryoumarketing.com,,Mídia e Conteúdo,,,,5,3,,name-mkt
32800071811,Franco Junior Comunicação,francojunior.com.br,francojunior.com.br,,,,,,1,,,name-mkt
33519013898,Friday Comunicação,friday.net.br,friday.net.br,,Mídia e Conteúdo,,,,1,4,1246600764,name-mkt
41047845438,Frog comunicação - EMBASA,,https://www.facebook.com/frogcomunicacao/,,Mídia e Conteúdo,,,121 Pituba - Salvador - BA - Bahia,2,2,,name-mkt
33074808364,FSB Comunicação,fsb.com.br,fsb.com.br,,Mídia e Conteúdo,,,,8,4,1246600764,name-mkt
39590843720,Fuego Live Marketing,fuegolm.com,fuegolm.com,,,,,,1,1,,name-mkt
33664640633,Fullpromo Marketing Promocional,fullpromo.com.br,fullpromo.com.br,,Mídia e Conteúdo,,,,1,1,,name-mkt
39592856095,FZA Marketing,agenciafiuza.com.br,agenciafiuza.com.br,,,Brazil,,,1,1,,name-mkt
34027270679,G&A Comunicação/ Embaixada da União Europeia,,,,Mídia e Conteúdo,,,,1,2,,name-mkt
50508834211,G6 Publicidade,g6publicidade.com.br,g6publicidade.com.br,,Mídia e Conteúdo,,,,1,,1246600764,name-mkt
34905844763,Gabinete de Midia,gabinetedemidia.com.br,gabinetedemidia.com.br,,Mídia e Conteúdo,,,,1,,,name-mkt
39592391426,Galeria Comunicação,galeria.ppg.br,galeria.ppg.br,MARKETING_AND_ADVERTISING,Mídia e Conteúdo,Brazil,Goias,,1,1,,industry|name-mkt
33669833217,Galvão Comunicação,galvaocomunicacao.net,galvaocomunicacao.net,,,,,,2,,,name-mkt
32791632652,Gargantini Comunicação Estratégica,gargantini.com.br,gargantini.com.br,,,,,,1,,1062353184,name-mkt
33053712446,GBR Comunicação,gbr.com.br,gbr.com.br,,Mídia e Conteúdo,,,,4,3,1246600764,name-mkt
39588134782,Genius Publicidade,geniuspublicidade.com.br,geniuspublicidade.com.br,,Mídia e Conteúdo,,,,1,,,name-mkt
33499095644,Gente Propaganda,gentepropaganda.com,gentepropaganda.com,,,,,,2,1,,name-mkt
33081020195,George P. Johnson Experience Marketing,gpj.com,gpj.com,,Mídia e Conteúdo,,,,5,2,,name-mkt
37574180102,gestao de marketing,gestaodemarketing.com.br,gestaodemarketing.com.br,,,,,,1,,,name-mkt
33655158950,GFK Comunicação,gfk.com.br,gfk.com.br,,Mídia e Conteúdo,,,,1,,,name-mkt
39585194563,Gigi Borges Comunicação,gigiborges.com,gigiborges.com,,,Brazil,Ceara,,1,1,,name-mkt
39587516323,Giornale,giornale.com.br,giornale.com.br,MARKETING_AND_ADVERTISING,,Brazil,Rio Grande do Sul,Moinhos de Vento,1,1,,industry
34366515349,Giovana Pedroso Comunicação,giovanapedroso.com.br,giovanapedroso.com.br,,Mídia e Conteúdo,,,,1,,,name-mkt
39591928721,Giz,giz.com.br,giz.com.br,MARKETING_AND_ADVERTISING,Mídia e Conteúdo,Brazil,,,2,2,,industry
44557446734,Glas Agência,glasagencia.com.br,glasagencia.com.br,BUSINESS_SUPPLIES_AND_EQUIPMENT,Mídia e Conteúdo,Brazil,,,1,2,1246600764,name-agencia
33672769883,Glow Marketing,glowmkt.com.br,glowmkt.com.br,,,,,,1,,,name-mkt
50173244729,GMS Comunicação,gmscomunicacao.com.br,gmscomunicacao.com.br,,Mídia e Conteúdo,,,,1,,subscriber,name-mkt
37444792963,Godiva Propaganda,godivapropaganda.com.br,godivapropaganda.com.br,,Mídia e Conteúdo,,,,2,2,,name-mkt
32794992993,gpd.marketing,gpd.marketing,gpd.marketing,,,,,,1,1,1062353184,name-mkt|domain-mkt
33749193475,GPS comunicação,,,,Mídia e Conteúdo,,,,1,1,,name-mkt
33525248004,Groove Marketing,groovemkt.com.br,groovemkt.com.br,,Mídia e Conteúdo,,,,1,1,,name-mkt
54796103339,Groove Propaganda,groove.com.br,groove.com.br,,,,,,1,,subscriber,name-mkt
32790166334,Group Marketing Services,gmsil.com,gmsil.com,,Mídia e Conteúdo,,,,34,3,1246600764,name-mkt
33501232747,Group Nimage Marketing & Consultoria,nimage.com.br,nimage.com.br,,Serviços Profissionais,,,,5,4,,name-mkt
33662318637,Grove Agency - Oil & Gas and Energy,groveagency.com.br,groveagency.com.br,,Mineração e Extração,,,,1,,,name-agencia
33664331313,Grupo Facility - Eventos & Comunicação Corporativa,facilitycom.com.br,facilitycom.com.br,,,,,,1,1,,name-mkt
33498940171,Grupo GPAC Comunicação Integrada,grupogpac.com.br,grupogpac.com.br,,Mídia e Conteúdo,,,,15,8,,name-mkt
41612682535,Grupo HBM,grupohbm.com.br,grupohbm.com.br,MARKETING_AND_ADVERTISING,Mídia e Conteúdo,Brazil,,,1,1,,industry
33078908509,Grupo Mídia,grupomidia.com,grupomidia.com,,Mídia e Conteúdo,,,,2,3,,name-mkt
33371621168,Grupo Paranaense de Comunicação,grpcom.com.br,grpcom.com.br,,Mídia e Conteúdo,,,,2,1,1062353184,name-mkt
40609601641,grupo3,grupo3.com.br,grupo3.com.br,MARKETING_AND_ADVERTISING,,Brazil,,,1,,1062353184,industry
33674950264,Guava Marketing Hub,guavahub.com.br,guavahub.com.br,,Mídia e Conteúdo,,,,1,,,name-mkt
33670760730,Guerra Propaganda,guerrapropaganda.com.br,guerrapropaganda.com.br,,Mídia e Conteúdo,,,,2,,,name-mkt
33070261029,Guiropa Comunicação,guiropa.com,guiropa.com,,Mídia e Conteúdo,,,,1,1,,name-mkt
39595025181,Gy Agência,gyagencia.com.br,gyagencia.com.br,MARKETING_AND_ADVERTISING,Mídia e Conteúdo,Brazil,,,1,1,,industry|name-agencia
39582414652,Hands.Ag,hands.ag,hands.ag,MARKETING_AND_ADVERTISING,Tecnologia e Comunicação,Antigua and Barbuda,,,1,,,industry
33085732125,Heal Marketing,healmarketing.com.br,https://www.abbottbrasil.com.br/homepage.html,,Mídia e Conteúdo,,,,4,2,,name-mkt
33515578384,HOUSE LIVE MARKETING,houselm.com.br,houselm.com.br,,Mídia e Conteúdo,,,,1,2,,name-mkt
33803203504,HPE Marketing,,,,Mídia e Conteúdo,,,,1,1,,name-mkt
33754865972,Hub de Marketing,,,,,,,,1,1,,name-mkt
39589994147,HubSpot,hookdig.com,hookdig.com,MARKETING_AND_ADVERTISING,Tecnologia e Comunicação,Brazil,Sao Paulo,,1,1,,industry
33672307782,Hug Comunicação,hugcomunicacao.com,hugcomunicacao.com,,,,,,1,,,name-mkt
33495062172,i9 Publicidade,i9publicidade.com.br,i9publicidade.com.br,,Mídia e Conteúdo,,,,1,1,,name-mkt
33654848788,Iblanco Marketing e Comunicação,iblanco.com.br,iblanco.com.br,,Mídia e Conteúdo,,,,2,1,,name-mkt
33518398231,ICOM Comunicação,icom.com.br,icom.com.br,,Mídia e Conteúdo,,,,3,,,name-mkt
33658929205,Idealizar & Comunicacao,idealizar.com.br,idealizar.com.br,,Mídia e Conteúdo,,,,2,2,,name-mkt
33664331293,Ideia Comunicação,ideiacom.com.br,ideiacom.com.br,,Mídia e Conteúdo,,,,3,9,,name-mkt
33665997847,IdeiaLuz Comunicação e Digital,ideialuz.com.br,ideialuz.com.br,,Mídia e Conteúdo,,,,1,,,name-mkt
36722806195,If Agência,ifagencia.com,ifagencia.com,,Mídia e Conteúdo,,,,1,,,name-agencia
48830081878,IK.agency,ikagency.com.br,ikagency.com.br,,Construção Civil,,,,1,,1246600764,name-agencia
39601275049,Imagecomm,imagecomm.com.br,imagecomm.com.br,MARKETING_AND_ADVERTISING,Mídia e Conteúdo,Brazil,,,1,1,,industry
33051079292,Imaginando Comunicação,imaginando.com.br,imaginando.com.br,,,,,,4,2,1246600764,name-mkt
34935056790,Impacte Propaganda,impacte.com.br,impacte.com.br,,Mídia e Conteúdo,,,,1,,,name-mkt
39594094903,Impulsa Comunicação,impulsa.com.br,impulsa.com.br,,Mídia e Conteúdo,Brazil,Sao Paulo,,1,1,,name-mkt
33676405279,In Foco Live Marketing,infocopromo.com.br,infocopromo.com.br,,Mídia e Conteúdo,,,,2,1,,name-mkt
33676713644,In Time Comunicação,intimecom.com.br,intimecom.com.br,,Tecnologia e Comunicação,,,,1,,,name-mkt
40962432149,Infinity Comunicação,infinitycomunicacao.com,infinitycomunicacao.com,EVENTS_SERVICES,Mídia e Conteúdo,Brazil,Sao Paulo,Aclimacao,1,1,,name-mkt
33054330547,Inner Voice Comunicação,innervoice.com.br,innervoice.com.br,,,,,,3,2,,name-mkt
33673384624,Innova Comunicação e Marketing,innovamkt.com.br,innovamkt.com.br,,Mídia e Conteúdo,,,,1,,,name-mkt
47397284450,Insight Live Marketing,insightlivemarketing.com.br,insightlivemarketing.com.br,BANKING,Mídia e Conteúdo,Brazil,,,1,1,,name-mkt
33054487561,Íntegra Comunicação Estratégica,comunicacaointegra.com.br,comunicacaointegra.com.br,,Mídia e Conteúdo,,,,1,1,,name-mkt
33669657401,Interativa Comunicação e Eventos,interativacomunica.com.br,interativacomunica.com.br,,Mídia e Conteúdo,,,,1,,,name-mkt
33764899204,Interface Marketing,,,,,,,,1,1,,name-mkt
32881007943,Ipanema Comunicação,ipanemacomunicacao.com.br,ipanemacomunicacao.com.br,,Mídia e Conteúdo,,,,1,,1062353184,name-mkt
39590148369,ISSU Comunicação,issucomunicacao.com.br,issucomunicacao.com.br,,,,,,3,3,,name-mkt
33667334233,IT Mídia,itmidia.com,itmidia.com,,Tecnologia e Comunicação,,,,2,,,name-mkt
33675571116,Italobianchi Comunicação,italobianchi.com.br,italobianchi.com.br,,,,,,1,,,name-mkt
33665686660,ITX Mídia Online,itxmidia.com.br,itxmidia.com.br,,Mídia e Conteúdo,,,,1,,,name-mkt
37575883411,Ivox Marketing,ivoxmarketing.com.br,ivoxmarketing.com.br,,,,,,1,,,name-mkt
33651732761,Ivox Marketing Direto,ivoxmarketing.com,ivoxmarketing.com,,Mídia e Conteúdo,,,,4,1,,name-mkt
33084807454,Jangada Consultoria em Comunicação,jangada.in,jangada.in,,Mídia e Conteúdo,,,,2,,,name-mkt
33658000022,Jardine Agência de Comunicação,jardinecomunicacao.com.br,jardinecomunicacao.com.br,,Mídia e Conteúdo,,,,1,,,name-agencia|name-mkt
33766757732,JB Propaganda e Marketing Ltda,,,,,,,,1,1,,name-mkt
33667644678,Jedi Comunicação,jedicomunicacao.com.br,jedicomunicacao.com.br,,,,,,1,,,name-mkt
33052471364,Joia Comunicação,joiacomunicacao.com.br,joiacomunicacao.com.br,,Serviços Administrativos,,,,5,2,,name-mkt
33491786592,Jotacom - The Cross Performance Agency,jotacom.com,jotacom.com,,Mídia e Conteúdo,,,,2,,,name-agencia
33751923748,Justive Agencia,,,,,,,,1,1,,name-agencia
33658154497,Kaiser Mídia,kaisermidia.com.br,kaisermidia.com.br,,Mídia e Conteúdo,,,,1,,,name-mkt
33669502862,Kallas Mídia OOH,kallas.com.br,kallas.com.br,,Mídia e Conteúdo,,,,1,,,name-mkt
33676405252,Kanalu Agência,kanaluagencia.com.br,kanaluagencia.com.br,,Tecnologia e Comunicação,,,,2,,,name-agencia
33666307180,Kauza Marketing & Entretenimento,kauza.com.br,kauza.com.br,,,,,,1,,,name-mkt
33770079094,Kb Comunicação,,,,Mídia e Conteúdo,,,,2,1,,name-mkt
53119599669,Kite Comunicação ,kitecomunicacao.com,kitecomunicacao.com,,,,,,1,1,1246600764,name-mkt
34897830751,KR Mídia,krmidia.com.br,krmidia.com.br,,,,,,1,,,name-mkt
33519476326,KR2 Comunicação,kr2comunicacao.com.br,kr2comunicacao.com.br,,Mídia e Conteúdo,,,,1,1,,name-mkt
33784421737,Kubix :: Estratégia & Comunicação,,,,Mídia e Conteúdo,,,,1,1,,name-mkt
33493670223,kubix :: estratégia e comunicação,kubix.com.br,kubix.com.br,,Mídia e Conteúdo,,,,1,1,,name-mkt
33604493474,KWB Comunicação,kwb.com.br,kwb.com.br,,Mídia e Conteúdo,,,,3,2,,name-mkt
47577277293,KZ Inteligência em Comunicação,kzinteligencia.com.br,kzinteligencia.com.br,,,,,,1,1,1246600764,name-mkt
33520140341,Kzulo Propaganda,kzulo.com.br,kzulo.com.br,,Mídia e Conteúdo,,,,1,,,name-mkt
41906134067,Labof,labof.com.br,labof.com.br,MARKETING_AND_ADVERTISING,,Brazil,,,1,2,,industry
33658619689,Lado B Propaganda,agencialadob.com.br,agencialadob.com.br,,Mídia e Conteúdo,,,,1,,,name-mkt
33653883508,LAM Comunicação,lamcomunicacao.com,lamcomunicacao.com,,Mídia e Conteúdo,,,,1,,,name-mkt
33652507245,Lamarca Publicidade,lamarcapublicidade.com.br,lamarcapublicidade.com.br,,Mídia e Conteúdo,,,,1,,,name-mkt
33766293360,Lâmpada Agencia,,,,,,,,1,1,1246600764,name-agencia
39590689049,Le Donne Comunicacao,ledonne.com.br,ledonne.com.br,,,,,,2,2,,name-mkt
33661544367,Le Magu Marketing,lemagu.com,lemagu.com,,,,,,1,,,name-mkt
41604455522,Leal Comunicação,,,,,,,,1,,,name-mkt
33056188049,Legado Comunicação,legadocom.com.br,legadocom.com.br,,Mídia e Conteúdo,,,,1,,,name-mkt
33491013711,Leiaute Propaganda,leiaute.com.br,leiaute.com.br,,Mídia e Conteúdo,,,,1,1,,name-mkt
33666615146,Leoda Marketing,leoda.com.br,leoda.com.br,,Serviços Profissionais,,,,1,,,name-mkt
33659374406,LETS Marketing,letsmarketing.com.br,letsmarketing.com.br,,Serviços Profissionais,,,,1,,,name-mkt
33657844847,Liba Propaganda,libapropaganda.com.br,libapropaganda.com.br,,Mídia e Conteúdo,,,,1,3,,name-mkt
33665223556,Libelle Comunicação,libellecomunicacao.com.br,libellecomunicacao.com.br,,Mídia e Conteúdo,,,,1,,,name-mkt
33755020558,Liga de Marketing,,,,,,,,1,1,,name-mkt
39591153705,Liga de Marketing,ligademarketing.com.br,ligademarketing.com.br,,Mídia e Conteúdo,,,,1,1,,name-mkt
33665223531,Ligêro! Agência,ligeroagencia.com.br,ligeroagencia.com.br,,Serviços Administrativos,,,,1,,,name-agencia
33498166888,Lira Publicidade,lirapublicidade.com.br,lirapublicidade.com.br,,Mídia e Conteúdo,,,,1,,,name-mkt
39587206817,Lit Agência Criativa,agencialit.com.br,agencialit.com.br,MANAGEMENT_CONSULTING,Mídia e Conteúdo,Brazil,,,1,1,,name-agencia
35937500759,Living Brands Experience Marketing,livingbrands.com.br,livingbrands.com.br,,Mídia e Conteúdo,,,,4,3,,name-mkt
46443658420,LM Comunicação,lmcomunica.com.br,lmcomunica.com.br,,,,,,1,,,name-mkt
33525247913,Lori Comunicação,loricomunicacao.com.br,loricomunicacao.com.br,,Mídia e Conteúdo,,,,2,2,,name-mkt
32786589820,LR Marketing,lrmarketing.com.br,lrmarketing.com.br,,Mídia e Conteúdo,,,,2,1,1246600764,name-mkt
33660769839,Luan Comunicação,luancomunicacao.com.br,luancomunicacao.com.br,,Mídia e Conteúdo,,,,1,,,name-mkt
33757180782,LuanaBeBold Comunicação,,,,Mídia e Conteúdo,,,,1,1,,name-mkt
33580061358,Luisa Ramirez Marketing,luisaramirez.com.br,luisaramirez.com.br,,Mídia e Conteúdo,,,,1,,,name-mkt
33756104887,LUSCH Agência,,,,,,,,2,2,,name-agencia
33755176755,LUZ CRIAÇÕES AGÊNCIA,,,,Mídia e Conteúdo,,,,1,2,,name-agencia
33506868370,LVBA Comunicação,lvba.com.br,lvba.com.br,,Mídia e Conteúdo,,,,1,1,,name-mkt
39482364455,M2 Comunicação,midia2comunicacao.com,,,Mídia e Conteúdo,,,,1,3,,name-mkt
33504545321,M21 Comunicacao Eventos Turismo,m21.com.br,m21.com.br,,Mídia e Conteúdo,,,,1,,,name-mkt
33655468143,Macfor Full Marketing Digital,macfor.com.br,macfor.com.br,,Mídia e Conteúdo,,,,1,,,name-mkt
33654537885,Macro Publicidade,macropublicidade.com.br,macropublicidade.com.br,,Mídia e Conteúdo,,,,1,,,name-mkt
55046765367,Made Comunicação,madecomunicacao.com.br,madecomunicacao.com.br,,,,,,1,,1062353184,name-mkt
33519783845,Magica Comunicação,commagica.com.br,commagica.com.br,,Mídia e Conteúdo,,,,3,1,,name-mkt
33754865963,Mahara Passos Publicidade,,,,Mídia e Conteúdo,,,,1,1,,name-mkt
39590148398,Map Publicidade,mappublicidade.com.br,mappublicidade.com.br,,Mídia e Conteúdo,Brazil,Rio de Janeiro,,1,1,,name-mkt
40330899825,Maria do Brasil,mariadobrasil.com.br,mariadobrasil.com.br,MARKETING_AND_ADVERTISING,Mídia e Conteúdo,Brazil,,,1,1,,industry
33050613061,MarkCom Comunicação & Marketing,markcom.com.br,markcom.com.br,,Mídia e Conteúdo,,,,5,2,,name-mkt
33825830506,Marketing,,,,,,,,2,2,,name-mkt
38252671008,Marketing de Ponta a Ponta,marketingpap.com.br,marketingpap.com.br,,,,,,1,,,name-mkt
33660151045,"Marketing Digital, Branding, Tráfefo Pago e Inbound Marketing em Salvador",pactumdigital.com.br,pactumdigital.com.br,,Mídia e Conteúdo,,,,1,,,name-mkt
33655468132,Marprom Comunicação e Marketing,marprom.com.br,marprom.com.br,,,,,,1,1,,name-mkt
33754865944,Marsala Marketing,,,,Mídia e Conteúdo,,,,1,1,,name-mkt
33656397331,"Marta Poggi - Marketing, Transformação Digital e Turismo Inteligente",martapoggi.com.br,martapoggi.com.br,,Alimentação e Hospitalidade,,,,1,,,name-mkt
33742704513,Marx Publicidade,,,,,,,,1,1,,name-mkt
39590380565,Mashup Agência,mashupagencia.com.br,mashupagencia.com.br,MARKETING_AND_ADVERTISING,,Brazil,,,1,1,,industry|name-agencia
33660460572,Massi Comunicação,massicomunicacao.com.br,massicomunicacao.com.br,,Mídia e Conteúdo,,,,1,1,1062353184,name-mkt
33666460996,Matters: Marketing Jurídico,matters.com.br,matters.com.br,,Mídia e Conteúdo,,,,1,,,name-mkt
33655468146,Mattoni Comunicação,mattonicomunicacao.com,mattonicomunicacao.com,,,,,,1,,,name-mkt
33659840807,Maya Comunicação,mayacomunicacao.com.br,mayacomunicacao.com.br,,Mídia e Conteúdo,,,,1,,,name-mkt
39127704360,MB Propaganda,mbpropaganda.com.br,mbpropaganda.com.br,,Mídia e Conteúdo,,,,1,,1062353184,name-mkt
45824401051,Mb7 Agencia De Marketing,mb7.com.br,mb7.com.br,,Mídia e Conteúdo,,,,1,1,,name-agencia|name-mkt
34033745818,MC2 Live Marketing,,,,Mídia e Conteúdo,,,,1,2,,name-mkt
39601275142,Mc4 Marketing Promocional,mc4promo.com.br,mc4promo.com.br,,,,,,1,1,,name-mkt
44120849320,Media K,mediak.com.br,mediak.com.br,MARKETING_AND_ADVERTISING,Mídia e Conteúdo,Brazil,Sao Paulo,Cajamar,1,1,,industry
33494288526,Megafone Comunicação,megafonecomunicacao.com.br,megafonecomunicacao.com.br,,Mídia e Conteúdo,,,,4,9,1246600764,name-mkt
33762267180,MEI Marcilene Forechi Comunicação,,,,Mídia e Conteúdo,,,,1,1,,name-mkt
34884207007,Meraki Não Agência,merakinaoagencia.com.br,merakinaoagencia.com.br,,Serviços Administrativos,,,,1,1,,name-agencia
39583496332,Mestra Comunicação,mestracomunicacao.com.br,mestracomunicacao.com.br,MARKETING_AND_ADVERTISING,Mídia e Conteúdo,Brazil,,,1,1,,industry|name-mkt
33520093298,Middia Comunicação,middiacom.com.br,middiacom.com.br,,Mídia e Conteúdo,,,,1,,,name-mkt
33052162594,Mídia 10 ooh,midia10ooh.com.br,midia10ooh.com.br,,Mídia e Conteúdo,,,,1,,,name-mkt
33503246113,Mídia Office,midiaoffice.com.br,midiaoffice.com.br,,,,,,1,,,name-mkt
35727368812,Mídia2 Comunicação,midia2comunicacao.com.br,midia2comunicacao.com.br,,Mídia e Conteúdo,,,,1,1,,name-mkt
39595684704,Milim Comunicação,milim.com.br,milim.com.br,MARKETING_AND_ADVERTISING,Mídia e Conteúdo,Brazil,,,1,1,,industry|name-mkt
33670607010,MIMO Comunicação,mimopromo.com.br,mimopromo.com.br,,Mídia e Conteúdo,,,,1,,,name-mkt
33669347843,Mindset Comunicação e Treinamentos,mindsetcomunic.com.br,mindsetcomunic.com.br,,Mídia e Conteúdo,,,,1,,,name-mkt
34900106608,Mira Comunicação,miracomunica.com.br,miracomunica.com.br,,Mídia e Conteúdo,,,,1,,,name-mkt
33692026488,Miziara Comunicação,miziaracomunica.com.br,miziaracomunica.com.br,,Mídia e Conteúdo,,,,2,1,,name-mkt
33659374430,MK Comunicação,mkcomunicacao.com.br,mkcomunicacao.com.br,,Mídia e Conteúdo,,,,1,1,,name-mkt
33657481063,MKP Propaganda e Marketing,marketing.com.br,marketing.com.br,,,,,,2,,,name-mkt|domain-mkt
39589838691,Mkt Digital Agency,mkt.com.br,mkt.com.br,,Tecnologia e Comunicação,Brazil,Sao Paulo,,1,1,,name-agencia
33656862319,Mnemonik Comunicação,mnemonik.com.br,mnemonik.com.br,,Mídia e Conteúdo,,,,3,2,,name-mkt
33673693367,Mob Comunicação,mobcom.com.br,mobcom.com.br,,,,,,2,1,,name-mkt
33655312193,Mobilizze Marketing digital,mobilizze.com,mobilizze.com,,Mídia e Conteúdo,,,,1,,,name-mkt
33672615272,Mobme Comunicação,mobme.com.br,mobme.com.br,,Mídia e Conteúdo,,,,1,2,,name-mkt
33672307776,Moke Business Agency,mokeagency.com.br,mokeagency.com.br,,,,,,1,,,name-agencia
33662627869,Molotov Propaganda,molotovpropaganda.com.br,molotovpropaganda.com.br,,Mídia e Conteúdo,,,,1,,,name-mkt
33656397337,Monday Marketing,mondaymarketing.com.br,mondaymarketing.com.br,,,,,,1,,,name-mkt
33662937776,Moneyus Consultoria Financeira e de Marketing,moneyuss.com.br,moneyuss.com.br,,,,,,1,,,name-mkt
32787749047,Montenegro Grupo de Comunicação,montenegrogc.com.br,montenegrogc.com.br,,Mídia e Conteúdo,,,,1,,,name-mkt
44401972581,Movimento Marketing,movimentomarketing.com,movimentomarketing.com,,Mídia e Conteúdo,,,,2,,,name-mkt
34937598561,MR Comunicação,mrcomunica.com.br,mrcomunica.com.br,,Mídia e Conteúdo,,,,1,,,name-mkt
33664175707,MS Publicidade,mspublicidade.com.br,mspublicidade.com.br,,Mídia e Conteúdo,,,,1,,,name-mkt
33495370791,Mude! Live Marketing,mudepromo.com.br,mudepromo.com.br,,Tecnologia e Comunicação,,,,1,1,,name-mkt
33751203510,multicase comunicação,,,,Mídia e Conteúdo,,,,1,1,,name-mkt
33658929211,Multipla Eventos E Comunicacao,multiplaeventos.com.br,multiplaeventos.com.br,,Serviços Administrativos,,,,1,,,name-mkt
35666802843,Murilhas Comunicação,murilhas.com.br,murilhas.com.br,,Mídia e Conteúdo,,,,1,1,1062353184,name-mkt
39292679177,Música & Mídia,musicaemidia.com.br,musicaemidia.com.br,,Serviços Profissionais,,,,1,1,,name-mkt
39590380556,Mutante Propaganda,mutantepropaganda.com,mutantepropaganda.com,,,,,,1,1,,name-mkt
41521501037,My Marketing Digital,mymarketingdigital.com.br,mymarketingdigital.com.br,COMPUTER_SOFTWARE,Mídia e Conteúdo,Brazil,,,1,,,name-mkt
40702972047,N Propaganda,npropaganda.com.br,npropaganda.com.br,BROADCAST_MEDIA,Mídia e Conteúdo,Brazil,,,1,1,,name-mkt
41109435741,N1 Marketing,n1marketing.com.br,n1marketing.com.br,,,,,,1,2,1062353184,name-mkt
33657481020,N2 Mídia,n2midia.com.br,n2midia.com.br,,Mídia e Conteúdo,,,,1,,,name-mkt
33081330025,N2O2 Marketing Onlife,n2o2.com.br,n2o2.com.br,,,,,,1,,,name-mkt
33742704520,Nacional - Agência,,,,,,,,1,1,,name-agencia
33588201393,NÃO CONTATAR - A7 ASSESSORIA DE MARKETING & NEGÓCIOS,,,,Mídia e Conteúdo,,,,2,3,,name-mkt
39595529308,Nativa Propaganda,nativapropaganda.com.br,nativapropaganda.com.br,BROADCAST_MEDIA,,Brazil,,,1,1,,name-mkt
33084963646,Návita Comunicação,navitacom.com.br,navitacom.com.br,,Serviços Administrativos,,,,2,2,,name-mkt
33656553222,Néctar Comunicação Corporativa,nectarc.com.br,nectarc.com.br,,Mídia e Conteúdo,,,,2,1,1062353184,name-mkt
33072581422,NeoMeta Mídia,neometamidia.com.br,neometamidia.com.br,,Mídia e Conteúdo,,,,3,,,name-mkt
33669657388,Neotass Marketing,neotass.com.br,neotass.com.br,,Mídia e Conteúdo,,,,2,,,name-mkt
33586037072,neris-comunicacao.com.br,neris-comunicacao.com.br,neris-comunicacao.com.br,,,,,,2,,,name-mkt|domain-mkt
47671030955,Neuron Comunicação,neuronbrasil.com.br,neuronbrasil.com.br,,,,,,3,1,customer,name-mkt
33668573784,NewCorp Comunicação Corporativa,newcorp.com.br,newcorp.com.br,,,,,,1,,,name-mkt
33667799684,NewsTime Marketing,newstime.com.br,newstime.com.br,,Mídia e Conteúdo,,,,2,2,1062353184,name-mkt
33796801128,Nix Travel Agência de Viagens e Turismo,,,,Alimentação e Hospitalidade,,,,1,1,,name-agencia
33513258817,Nobre Propaganda,nobrepropaganda.com.br,nobrepropaganda.com.br,,,,,,3,1,,name-mkt
32906640461,Nosotros,nosotros.marketing,nosotros.email,,,,,,4,6,,domain-mkt
39592546220,Nova Ideia Publicidade,novaideiapublicidade.com.br,novaideiapublicidade.com.br,,,,,,1,1,,name-mkt
33664796434,Novità Comunicação,novitacom.com.br,novitacom.com.br,,Mídia e Conteúdo,,,,1,,,name-mkt
37564924002,NR-7 Comunicação,nr-7comunicacao.com.br,nr-7comunicacao.com.br,,,,,,1,,,name-mkt
42787447310,Numit Marketing,numitmarketing.com,numitmarketing.com,,Mídia e Conteúdo,,,,1,,1062353184,name-mkt
39581135701,Ó DOIS GO Marketing,odoisgo.com,odoisgo.com,,,,,,1,2,,name-mkt
39581290670,Ó DOIS GO Marketing,odoigo.com,odoigo.com,,,,,,2,3,,name-mkt
53152375043,O Melhor do Marketing,omelhordomarketing.com.br,omelhordomarketing.com.br,,,,,,1,,1062353184,name-mkt
35718397744,O2 Marketing & Publicidade,o2publicidade.com.br,o2publicidade.com.br,,Mídia e Conteúdo,,,,1,,,name-mkt
52428848495,Obvio Comunicacao Integrada,obvioci.com.br,obvioci.com.br,,,,,,1,,1062353184,name-mkt
33670450974,Oficina da Propaganda,oficinadapropaganda.com.br,oficinadapropaganda.com.br,,,,,,1,,,name-mkt
33672769897,OG Comunicação,ogcomunicacao.com.br,ogcomunicacao.com.br,,Serviços Administrativos,,,,2,5,,name-mkt
33664022027,Okara Publicidade,okarars.com.br,okarars.com.br,,Mídia e Conteúdo,,,,1,2,,name-mkt
33577274271,OM Agência,ommarketing.com.br,ommarketing.com.br,,Mídia e Conteúdo,,,,1,,,name-agencia
33491786840,Omnion Marketing de Relacionamento,omnion.com.br,omnion.com.br,,Mídia e Conteúdo,,,,2,1,,name-mkt
33664175701,One Comunicação,onecomunicacao.com.br,onecomunicacao.com.br,,,,,,3,3,,name-mkt
33658310470,One-i Propaganda,one-i.com.br,one-i.com.br,,Mídia e Conteúdo,,,,1,,,name-mkt
39584109154,Onewg,onewg.com.br,onewg.com.br,MARKETING_AND_ADVERTISING,,United States,New Mexico,Dwyer,1,1,,industry
33667799850,Onion Mídia,onionmidia.com.br,onionmidia.com.br,,Mídia e Conteúdo,,,,2,2,,name-mkt
33604432451,ONTOP MARKETING,ontopmarketing.com.br,ontopmarketing.com.br,,,,,,2,3,1246600764,name-mkt
33654038542,OOPA Agency,oopagency.com,oopagency.com,,Mídia e Conteúdo,,,,1,,,name-agencia
34937905518,Ópcevê Marketing Digital,opceve.com.br,opceve.com.br,,Mídia e Conteúdo,,,,1,,,name-mkt
48609677944,Opia Marketing,opiamarketing.com.br,https://premierpet.com.br/,,,,,,6,8,customer,name-mkt
34928512895,Opte Comunicação,optecomunicacao.com.br,optecomunicacao.com.br,,Mídia e Conteúdo,,,,1,,,name-mkt
33665997735,Origami Marketing e Eventos,origamieventos.com.br,origamieventos.com.br,,Serviços Administrativos,,,,7,6,,name-mkt
33665223553,OTB Comunicação,otbcomunicacao.com.br,otbcomunicacao.com.br,,,,,,1,,,name-mkt
33495062149,Otima Marketing,otimamarketing.com.br,otimamarketing.com.br,,Mídia e Conteúdo,,,,2,1,,name-mkt
33765675394,Otima Marketing  - Agencia,,,,Mídia e Conteúdo,,,,1,1,,name-agencia|name-mkt
49954440965,OX Comunicação,oxcomunicacao.com.br,oxcomunicacao.com.br,BROADCAST_MEDIA,Mídia e Conteúdo,Brazil,,,1,1,1246600764,name-mkt
33788916866,Oxi Comunicação,,,,,,,,1,1,,name-mkt
33657844905,P&A Marketing,peamarketing.com.br,peamarketing.com.br,,,,,,1,,,name-mkt
33082565429,P3K Comunicação,p3k.com.br,p3k.com.br,,Mídia e Conteúdo,,,,3,1,,name-mkt
39586743409,Pagú Propaganda,pagupropaganda.com.br,pagupropaganda.com.br,,,,,,1,1,,name-mkt
36662737927,Parceria Comunicação,parceriacomunicacao.com.br,parceriacomunicacao.com.br,,Mídia e Conteúdo,,,,1,1,,name-mkt
38147779127,Partners Comunicação Integrada,partners360.com.br,partners360.com.br,,,,,,2,,,name-mkt
33480568603,Pau e Prosa Comunicação,paueprosa.com.br,paueprosa.com.br,,,,,,1,1,,name-mkt
44382375563,Paula Leandro,paulaleandro.com.br,paulaleandro.com.br,MARKETING_AND_ADVERTISING,Mídia e Conteúdo,Brazil,,,1,,,industry
39581717600,Paulo Afonso,paulosc.com.br,paulosc.com.br,MARKETING_AND_ADVERTISING,Serviços Profissionais,Brazil,,,1,1,,industry
39280477788,Pedro do Marketing,pedrodomarketing.com,pedrodomarketing.com,,Serviços Profissionais,,,,1,,,name-mkt
33366778510,Pequi Agência,pequiagencia.com,pequiagencia.com,,Mídia e Conteúdo,,,,1,1,,name-agencia
39589994149,Peretta Marketing Digital,peretta.com.br,peretta.com.br,PROFESSIONAL_TRAINING_COACHING,,Brazil,,,1,1,,name-mkt
33497856917,Pirueta Creative Agency,piruetaideias.com.br,piruetaideias.com.br,,Mídia e Conteúdo,,,,1,,,name-agencia
33660614936,Pixspin Marketing e Consultoria Ambiental,pixspin.com.br,pixspin.com.br,,,,,,2,1,,name-mkt
33595442267,Plena Publicidade,plenapublicidade.com.br,plenapublicidade.com.br,,Serviços Administrativos,,,,1,,,name-mkt
33505009957,Plural Agência,pluralagencia.com.br,pluralagencia.com.br,,Mídia e Conteúdo,,,,1,1,,name-agencia
33659083856,Point- Tur Agencia De Viagens E Turismo,pointtur.com.br,pointtur.com.br,,Alimentação e Hospitalidade,,,,1,,,name-agencia
33675261557,Portfolio Publicidade E Promocao,portfoliocomunicacao.com.br,portfoliocomunicacao.com.br,,,,,,2,3,,name-mkt
33669833105,Prado Agência,pradoagencia.com.br,pradoagencia.com.br,,Mídia e Conteúdo,,,,1,,,name-agencia
33676095148,Praxian Business & Marketing Specialists,praxian.com.br,praxian.com.br,,Serviços Profissionais,,,,1,,,name-mkt
33583617909,Predicado Comunicação,fehosp.com.br,https://www.fehosp.com.br/,,Terceiro Setor,,,,4,6,,name-mkt
34940691316,Prefácio Comunicação,prefacio.com.br,prefacio.com.br,,Mídia e Conteúdo,,,,1,,,name-mkt
33764899223,Premium Comunicação e Marketing,,,,Mídia e Conteúdo,,,,1,1,,name-mkt
33755950856,Prima Classe Eventos e Marketing Ltd,,,,Mídia e Conteúdo,,,,1,1,,name-mkt
33652791716,Primage Agência Digital,primage.com.br,primage.com.br,,,,,,1,,,name-agencia
38710860363,Prime2B Marketing Digital,prime2b.digital,prime2b.digital,MARKETING_AND_ADVERTISING,Varejo e Comércio,Brazil,Sao Paulo,,1,1,,industry|name-mkt
34918471513,Priory Comunicação,priory.com.br,priory.com.br,,Mídia e Conteúdo,,,,1,,,name-mkt
33080710912,PromoEventos Marketing Promocional,promoeventos.com.br,promoeventos.com.br,,Serviços Administrativos,,,,15,7,1246600764,name-mkt
33792672606,Pronto Agência - Bosch,,,,,,,,1,1,,name-agencia
33790154839,Propague Agencia,,,,Mídia e Conteúdo,,,,1,1,,name-agencia
39739688195,Prospecting Marketing e Comunicação,prospectingmkt.com.br,prospectingmkt.com.br,,Mídia e Conteúdo,Brazil,Federal District,Asa Norte,1,,,name-mkt
33667179129,Prumo Marketing,prumomarketing.com.br,prumomarketing.com.br,,Mídia e Conteúdo,,,,1,,,name-mkt
33655624550,Psiu Marketing,psiumarketing.com.br,psiumarketing.com.br,,Mídia e Conteúdo,,,,1,,,name-mkt
33676250188,Publi/9 Comunicação Integrada,publi9.com.br,publi9.com.br,,,,,,2,,,name-mkt
33670450975,Puxe Comunicacao,puxecom.com.br,puxecom.com.br,,Mídia e Conteúdo,,,,1,,,name-mkt
33661389375,Quallitá Comunicação & Marketing,quallita.com.br,quallita.com.br,,Mídia e Conteúdo,,,,2,2,,name-mkt
34938060339,Quap Comunicação,quap.com.br,quap.com.br,,,,,,1,,,name-mkt
39580980840,Quatro Comunicação,4acomunicacao.com.br,4acomunicacao.com.br,,,,,,1,1,,name-mkt
44050735787,Quintal Comunicação,quintalcomunicacao.com.br,quintalcomunicacao.com.br,,,,,,1,1,1062353184,name-mkt
33654038584,Quinttana Comunicacao E Marketing,quinttana.com.br,quinttana.com.br,,,,,,1,,,name-mkt
33078441605,Raça Marketing & Comunicação,raca.marketing,raca.marketing,,Mídia e Conteúdo,,,,1,1,,name-mkt|domain-mkt
36895379512,RBA Comunicação,rba.com.br,rba.com.br,,Mídia e Conteúdo,,,,2,2,,name-mkt
39593477411,RC Marketing,rctrademkt.com.br,rctrademkt.com.br,MANAGEMENT_CONSULTING,Mídia e Conteúdo,Brazil,Sao Paulo,Sao Paulo,1,1,,name-mkt
33055880870,Rebeca Lisboa - Comunicação Empática,rebecalisboa.com.br,rebecalisboa.com.br,,Mídia e Conteúdo,,,,1,,,name-mkt
39583032377,Red Action,redaction.com.br,redaction.com.br,MARKETING_AND_ADVERTISING,,Brazil,,,1,1,,industry
33668263943,Rede Comunicação,redecomunicacao.com,redecomunicacao.com,,Mídia e Conteúdo,,,,1,,,name-mkt
33514201668,REM - Real Estate Marketing,rem-mkt.com.br,rem-mkt.com.br,,Mídia e Conteúdo,,,,1,,,name-mkt
45272430203,REPENSE Comunicação,repense.com.br,repense.com.br,,Mídia e Conteúdo,,,,1,1,,name-mkt
33506249224,Rever Comunicação,revercom.com,revercom.com,,Mídia e Conteúdo,,,,1,,,name-mkt
34892753229,REVISTA MÍDIA,revistamidia.com.br,revistamidia.com.br,,Mídia e Conteúdo,,,,1,,,name-mkt
44386387003,RF Comunicação,rfcomunica.net.br,rfcomunica.net.br,,Mídia e Conteúdo,,,,1,,1062353184,name-mkt
35414991242,Rich Marketing,richmarketing.com,richmarketing.com,,Serviços Profissionais,,,,1,,,name-mkt
35432375656,Rich Marketing,richmarketing.com.br,richmarketing.com.br,,Mídia e Conteúdo,,,,1,,,name-mkt
33504856489,RLeal Comunicação,rlealcomunicacao.com.br,rlealcomunicacao.com.br,,Mídia e Conteúdo,,,,1,3,,name-mkt
33652352652,RN Comunicação,rn360.com.br,rn360.com.br,,Mídia e Conteúdo,,,,7,5,,name-mkt
33514047510,Rock Comunicação,rockcom.com.br,rockcom.com.br,,,,,,7,8,1246600764,name-mkt
33655468108,Rojas Comunicação,rojascomunicacao.com.br,rojascomunicacao.com.br,,Mídia e Conteúdo,,,,1,,,name-mkt
35913405775,Rosana Mussi – BOUTIQUE DE COMUNICAÇÃO/MARKETING,rmussi.com,rmussi.com,,Mídia e Conteúdo,,,,1,2,,name-mkt
47539786382,Royal Marketing Digital,royalmarketingdigital.com,royalmarketingdigital.com,,Mídia e Conteúdo,,,,1,1,1246600764,name-mkt
49545765560,RS3 Midia,rs3marketing.com.br,rs3marketing.com.br,,Mídia e Conteúdo,,,,1,1,1246600764,name-mkt
35136059518,RSC2 Assessoria em Comunicação e Marketing,rsc2.com.br,rsc2.com.br,,,,,,1,1,,name-mkt
39592546212,Rumo Marketing,rumomarketing.com.br,rumomarketing.com.br,,,,,,2,3,,name-mkt
39585348777,Run Comunicação,runcomunicacao.com.br,runcomunicacao.com.br,,,,,,1,1,,name-mkt
33661544362,S1 Comunicação,s1comunicacao.com.br,s1comunicacao.com.br,,Mídia e Conteúdo,,,,1,1,,name-mkt
33652507203,S2publicom Comunicacao Integrada,s2publicom.com.br,s2publicom.com.br,,,,,,1,1,,name-mkt
33051851852,Sagarana Comunicação de Interesse das Pessoas,sagaranacomunicacao.com.br,sagaranacomunicacao.com.br,,Mídia e Conteúdo,,,,1,,,name-mkt
33666460957,Saife Comunicação,saife.com.br,saife.com.br,,Mídia e Conteúdo,,,,1,1,,name-mkt
33049683853,Salla Comunicação,sallacomunicacao.com.br,sallacomunicacao.com.br,,Mídia e Conteúdo,,,,1,,,name-mkt
39586277196,Santa Clara,santaclara.sc,santaclara.sc,MARKETING_AND_ADVERTISING,Mídia e Conteúdo,Brazil,Sao Paulo,Vila Madalena,1,1,,industry
33759657811,Sato Comunicação,,,,,,,,1,1,,name-mkt
34933664524,Sato7 - Comunicação Estratégica,sato7.com.br,sato7.com.br,,Tecnologia e Comunicação,,,,1,,,name-mkt
33580830853,Sempre Comunicação,sempreinternet.com.br,https://sempreinternet.com.br/,,Tecnologia e Comunicação,,,,1,2,,name-mkt
42031790690,Seven Comunicação,agenciaseven.com.br,agenciaseven.com.br,,,,,,4,3,,name-mkt
33674950237,Shalon Propaganda,shalonpropaganda.com.br,shalonpropaganda.com.br,,,,,,1,1,,name-mkt
39585813846,Sherpa42,sherpa42.com.br,sherpa42.com.br,MARKETING_AND_ADVERTISING,Mídia e Conteúdo,Brazil,,,3,1,,industry
33669657460,Shine Assessoria de Marketing e Comunicação - Assessoria de Marketing,shinemarketing.com.br,shinemarketing.com.br,,Mídia e Conteúdo,,,,1,,,name-mkt
33072429192,Sicoob Credialto Agência José Vicente,sicoobcredialto.com.br,sicoobcredialto.com.br,,,,,,1,,,name-agencia
33050613064,Sicoob MaxiCrédito - Agência Laurentino,maxicredito.coop.br,maxicredito.coop.br,,,,,,2,,,name-agencia
33666615162,Side3 Propaganda,side3.com.br,side3.com.br,,,,,,1,,,name-mkt
42046581864,Sigma Publicidade,sigmapublicidade.com.br,sigmapublicidade.com.br,MARKETING_AND_ADVERTISING,Mídia e Conteúdo,Brazil,,,1,1,,industry|name-mkt
37573405993,Sigma Six Comunicação,sigmasix.com.br,sigmasix.com.br,,,,,,2,,,name-mkt
33239541299,Silício Publicidade,siliciopublicidade.com.br,siliciopublicidade.com.br,,Mídia e Conteúdo,,,,1,,,name-mkt
33077202842,Sim Propaganda,simpropaganda.com.br,simpropaganda.com.br,,Mídia e Conteúdo,,,,1,2,,name-mkt
39583955566,Sinapro-SP,sinaprosp.org.br,sinaprosp.org.br,MARKETING_AND_ADVERTISING,,Brazil,,,1,3,,industry
39596150382,Sing Comunicação,singcomunica.com.br,singcomunica.com.br,PUBLIC_RELATIONS_AND_COMMUNICATIONS,Mídia e Conteúdo,Brazil,Sao Paulo,Planalto Paulista,1,1,,name-mkt
39587516324,Sinnapse,sinnapse.com,sinnapse.com,MARKETING_AND_ADVERTISING,Mídia e Conteúdo,Brazil,Sao Paulo,Perdizes,1,1,,industry
39582182070,Siq Marketing,siqmarketing.com.br,siqmarketing.com.br,MARKETING_AND_ADVERTISING,,Brazil,,,1,1,,industry|name-mkt
33082413367,Sire Marketing,siremarketing.com.br,siremarketing.com.br,,Mídia e Conteúdo,,,,1,,,name-mkt
33052626463,Sirena Marketing para Negócios,sirenamarketing.com.br,sirenamarketing.com.br,,,,,,1,,,name-mkt
33661235002,Sistemas Maceio De Comunicacao,maceio.com,maceio.com,,,,,,1,,,name-mkt
33670450990,SIT - Soluções Inteligentes para Trade Marketing,sittrade.com.br,sittrade.com.br,,,,,,1,,,name-mkt
34902338355,Slea Comunicacao E Editoracao,slea.com.br,slea.com.br,,Mídia e Conteúdo,,,,1,,,name-mkt
33667489387,Smartcom - Inteligência em Comunicação,smartcom.net.br,smartcom.net.br,,Mídia e Conteúdo,,,,2,1,,name-mkt
38208490323,SmartON - Growth Marketing,smarton.com.br,smarton.com.br,,Mídia e Conteúdo,,,,1,1,,name-mkt
39595529297,SN Publicidade & Marketing Digital,snpublicidade.com.br,snpublicidade.com.br,,Mídia e Conteúdo,Brazil,,,1,2,,name-mkt
35503013377,SOB Medida Comunicação e Sustentabilidade,sobmedida.com.br,http://sobmedida.com.br/,,,,,,7,3,,name-mkt
33654038570,Sociedade Brasileira de Comunicação Emocional,sbcemocional.com.br,sbcemocional.com.br,,Serviços Profissionais,,,,1,,,name-mkt
33054949994,SOFTUS - Marketing Digital,softus.com.br,softus.com.br,,Mídia e Conteúdo,,,,1,1,,name-mkt
39583187095,Solo Wellness Ads Agency,solopropaganda.com.br,solopropaganda.com.br,HEALTH_WELLNESS_AND_FITNESS,Mídia e Conteúdo,Brazil,Sao Paulo,Sao Paulo,2,3,,name-agencia
33793283617,Soluções e Marketing Tô Aqui,,,,Mídia e Conteúdo,,,,1,1,,name-mkt
41382467721,Solv Marketing,solvmkt.com,solvmkt.com,,Serviços Profissionais,,,,1,,1062353184,name-mkt
33765054534,SOUL Comunicação Integrada,,,,,,,,1,1,,name-mkt
33495527051,Soul marketing 360,soul360.com.br,soul360.com.br,,Mídia e Conteúdo,,,,1,,,name-mkt
40523217835,Spark,spark.com.br,spark.com.br,MARKETING_AND_ADVERTISING,Mídia e Conteúdo,Brazil,,,7,2,,industry
46273218896,Squad Marketing,squadmkt.com.br,squadmkt.com.br,,Mídia e Conteúdo,,,,2,2,1246600764,name-mkt
36397977691,Stap Comunicação,stap.com.br,stap.com.br,,Mídia e Conteúdo,,,,2,2,,name-mkt
33778521475,Start Social Marketing,,,,Mídia e Conteúdo,,,,1,1,,name-mkt
33668263973,Starten Comunicação,startencomunicacao.com.br,startencomunicacao.com.br,,Mídia e Conteúdo,,,,1,,,name-mkt
44079141174,Strategiapropaganda,strategiapropaganda.com.br,strategiapropaganda.com.br,MARKETING_AND_ADVERTISING,Mídia e Conteúdo,Brazil,,,1,1,,industry
34933664537,Stringhini Marketing,stringhini.com.br,stringhini.com.br,,Mídia e Conteúdo,,,,1,,,name-mkt
33794288809,Suba Agência de Marketing,,,,Mídia e Conteúdo,,,,2,2,,name-agencia|name-mkt
35024496472,Suporte Comunicação,suportecomunicacao.com.br,suportecomunicacao.com.br,,,,,,1,1,,name-mkt
34992102832,Surprise Marketing,surprisemkt.com,surprisemkt.com,,,,,,1,,,name-mkt
34893165615,Sustentar Comunicação Estratégica,sustentar.ag,sustentar.ag,,Mídia e Conteúdo,,,,2,,,name-mkt
33658619691,Sutillo Marketing,sutillo.com.br,sutillo.com.br,,Mídia e Conteúdo,,,,1,,,name-mkt
39590302642,TAG Interativa,taginterativa.com.br,taginterativa.com.br,MARKETING_AND_ADVERTISING,,Brazil,Santa Catarina,,1,1,,industry
39590148374,Tagawa Propaganda,tagawa.com.br,tagawa.com.br,,Mídia e Conteúdo,Brazil,Sao Paulo,Vila Mariana,3,3,1246600764,name-mkt
33669988530,Takashi Comunicacao,takashi.com.br,takashi.com.br,,Mídia e Conteúdo,,,,1,,,name-mkt
33514359380,Take 5 Comunicação Corporativa,take5.com.br,take5.com.br,,Tecnologia e Comunicação,,,,1,,,name-mkt
32795549474,táLIGADO Comunicação Conectada,taligadocomunicacao.com.br,taligadocomunicacao.com.br,,Mídia e Conteúdo,,,,1,,,name-mkt
33518706206,Tamer Comunicação,tamer.com.br,tamer.com.br,,Mídia e Conteúdo,,,,2,1,,name-mkt
33759967512,Tato Agência,,,,,,,,1,2,,name-agencia
34733012488,Tawil Comunicação,tawil.com.br,tawil.com.br,,Mídia e Conteúdo,,,,1,,,name-mkt
33670296495,TCI Agência,tciagencia.com.br,tciagencia.com.br,,Tecnologia e Comunicação,,,,1,,,name-agencia
44426008735,Team Building - Ludo para Empresas,ludoparaempresas.com.br,ludoparaempresas.com.br,MARKETING_AND_ADVERTISING,Serviços Profissionais,Brazil,,,1,,,industry
52865433377,Teia Comunicação ,teiacomunicacao.com.br,teiacomunicacao.com.br,,Mídia e Conteúdo,,,,1,1,customer,name-mkt
33667334257,Tela,tela.marketing,tela.marketing,,Tecnologia e Comunicação,,,,1,,,domain-mkt
39589838689,Tempero da Casa Comunicação,temperodacasa.net,temperodacasa.net,,,,,,3,4,,name-mkt
35059279148,Teor Marketing,teormarketing.com.br,teormarketing.com.br,,Serviços Profissionais,,,,2,,,name-mkt
33660769700,Terra Eventos e Comunicação,terracomunicacao.art.br,terracomunicacao.art.br,,Serviços Administrativos,,,,3,1,,name-mkt
39591928737,Texto Comunicação Corporativa,textoassessoria.com.br,textoassessoria.com.br,,Mídia e Conteúdo,,,,1,1,,name-mkt
55112886113,Textual Comunicação,textual.com.br,textual.com.br,,,,,,1,1,1246600764,name-mkt
39589063738,The Front Marketing & Comunicação - WGroup Company,thefront.com.br,thefront.com.br,PROFESSIONAL_TRAINING_COACHING,,Brazil,,,2,2,,name-mkt
33051699471,The Harry Walker Agency,harrywalker.com,harrywalker.com,,Serviços Profissionais,,,,2,,,name-agencia
33516505217,The Rock Media Agency,therockmedia.agency,therockmedia.agency,,Mídia e Conteúdo,,,,1,1,,name-agencia|domain-agencia
39592856112,Three Live Marketing,three.com.br,three.com.br,,Mídia e Conteúdo,Brazil,,,1,1,,name-mkt
48102190658,Timoneiro Marketing,timoneiromarketing.com,timoneiromarketing.com,,,,,,1,1,1246600764,name-mkt
33080094263,Tino Comunicação,tinocomunicacao.com.br,tinocomunicacao.com.br,,,,,,2,1,1246600764,name-mkt
33784421736,Tino Comunicação e Marketing,,,,Mídia e Conteúdo,,,,1,1,,name-mkt
33665532226,TKS live marketing,agenciatks.com.br,agenciatks.com.br,,,,,,1,1,,name-mkt
47403787575,Toledo Comunicação,toledocom.com.br,toledocom.com.br,,,,,,2,4,,name-mkt
33795878955,Top Comunicação e Educação,,,,Mídia e Conteúdo,,,,2,3,,name-mkt
33654537854,TORRE Comunicação e Estratégia,torrece.com.br,torrece.com.br,,Mídia e Conteúdo,,,,1,1,,name-mkt
33762267177,Toti Agencia,,,,,,,,1,,,name-agencia
33491323509,Toti Agência,totiagencia.com.br,totiagencia.com.br,,Serviços Administrativos,,,,4,2,1062353184,name-agencia
39580980865,TPNQ,tpnq.agency,tpnq.agency,,,,,,1,1,,domain-agencia
33080711322,Tracto Content Marketing,tracto.com.br,tracto.com.br,,Mídia e Conteúdo,,,,1,,,name-mkt
33052006304,Trade Squad - Consultoria em Growth Marketing,tradesquad.com.br,tradesquad.com.br,,Mídia e Conteúdo,,,,1,,,name-mkt
37576504245,Trivia Comunicação,triviacomunicacao.com.br,triviacomunicacao.com.br,,,,,,1,,,name-mkt
33753162131,Turboagencia propaganda,,,,Mídia e Conteúdo,,,,1,1,,name-mkt
39585039213,Twinz,twinz.com.br,twinz.com.br,MARKETING_AND_ADVERTISING,Mídia e Conteúdo,Brazil,,,1,3,,industry
33508230550,TwoDo Marketing Emocional,twodo.com.br,twodo.com.br,,Mídia e Conteúdo,,,,3,2,,name-mkt
33576823373,U-biq! Marketing,u-biq.com.br,u-biq.com.br,,Mídia e Conteúdo,,,,4,2,,name-mkt
33664640580,Uai Brasil Publicidade,uaibrasil.com.br,uaibrasil.com.br,,Mídia e Conteúdo,,,,3,1,,name-mkt
33765675379,UGROWTH MARKETING INTELIGENTE,,,,,,,,1,1,,name-mkt
33656553258,Umana Comunicação,umana.com.br,umana.com.br,,"Cultura, Esporte e Entretenimento",,,,1,,,name-mkt
33076121638,Una Marketing De Eventos,unaeventos.com.br,unaeventos.com.br,,Mídia e Conteúdo,,,,1,,,name-mkt
33074033987,Unimar :: Agenciamentos Marítimos,unimar-agency.com.br,unimar-agency.com.br,,Logística e Transporte,,,,1,,,domain-agencia
39593322105,Unit Comunicação,unitpress.com.br,unitpress.com.br,,,,,,2,4,,name-mkt
33673539395,Upado Agência de Marketing,upado.com.br,upado.com.br,,Mídia e Conteúdo,,,,1,,,name-agencia|name-mkt
44557132051,UPscale Live Marketing,upscalelivemkt.com.br,upscalelivemkt.com.br,MANAGEMENT_CONSULTING,Mídia e Conteúdo,Brazil,,,1,1,,name-mkt
39594249787,V20 Comunicacao,v20.com,v20.com,COMPUTER_SOFTWARE,,Brazil,Sao Paulo,Aclimacao,1,1,,name-mkt
36150258054,Vacas do Marketing,vacasdomarketing.com.br,vacasdomarketing.com.br,,,,,,1,,,name-mkt
33479172893,Vaion Comunicação,vaion.com.br,vaion.com.br,,Mídia e Conteúdo,,,,8,7,1246600764,name-mkt
33519477128,Valuar Pró_Marketing,valuar.com.br,valuar.com.br,,Indústria,,,,2,,,name-mkt
33658310474,Verbo Comunicação & Eventos,verboeventos.com.br,verboeventos.com.br,,Mídia e Conteúdo,,,,1,,,name-mkt
33080558170,Verbo Servicos De Comunicacao,verbocomunicacao.com,verbocomunicacao.com,,,,,,1,,,name-mkt
33490038118,VFR Comunicação,agenciavfr.com.br,agenciavfr.com.br,,Mídia e Conteúdo,,,,1,1,,name-mkt
33765675373,Vga gestão e Marketing,,,,,,,,1,2,1246600764,name-mkt
33054020139,Vh2 Marketing Estratégico,vh2market.com,vh2market.com,,Serviços Profissionais,,,,1,,,name-mkt
33086347049,Viamídia Publicidade,viamidia.com.br,viamidia.com.br,,Mídia e Conteúdo,,,,1,,,name-mkt
39593786775,Viewcomm,viewcomm.com.br,viewcomm.com.br,MARKETING_AND_ADVERTISING,,Brazil,,,1,1,,industry
46691816885,Vintage Marketing E Assessoria Ltda,vintagemkt.com.br,vintagemkt.com.br,,,,,,1,,,name-mkt
33661544302,Vira Comunicação,viracomunicacao.com.br,viracomunicacao.com.br,,Mídia e Conteúdo,,,,1,,,name-mkt
33669988620,Virta Comunicação,grupovirta.com.br,grupovirta.com.br,,Mídia e Conteúdo,,,,1,,,name-mkt
39591463850,Vita Comunicação,vitacom.com.br,vitacom.com.br,,Mídia e Conteúdo,Brazil,Sao Paulo,,2,2,,name-mkt
33652636849,Viva Enjoy Comunicacao,vivaenjoy.com.br,vivaenjoy.com.br,,Serviços Administrativos,,,,1,,,name-mkt
33071653502,Voilà! Marketing,voilamkt.com.br,voilamkt.com.br,,Mídia e Conteúdo,,,,1,1,,name-mkt
33668109574,Voss Comunicação,vosscomunicacao.com.br,vosscomunicacao.com.br,,Mídia e Conteúdo,,,,1,,,name-mkt
40121963622,Voxxi Comunicação,voxxi.com.br,voxxi.com.br,,Mídia e Conteúdo,,,,2,1,1062353184,name-mkt
33794289281,Voz Agency,,,,Mídia e Conteúdo,,,,1,4,1246600764,name-agencia
34982773839,Voz Ativa Comunicação Estratégica,vozativacomunicacao.com.br,vozativacomunicacao.com.br,,Mídia e Conteúdo,,,,1,,1062353184,name-mkt
33652352680,VSM Comunicação,vsmcomunicacao.com.br,vsmcomunicacao.com.br,,Mídia e Conteúdo,,,,1,,,name-mkt
33663711569,W Verissimo Comunicação,wverissimocomunicacao.com.br,wverissimocomunicacao.com.br,,Mídia e Conteúdo,,,,1,,,name-mkt
33653101163,W1 Agência - Publicidade e Propaganda,w1agencia.com.br,w1agencia.com.br,,Serviços Profissionais,,,,1,,,name-agencia|name-mkt
33769459221,Wagalume MArketing Consciente,,,,Mídia e Conteúdo,,,,2,1,,name-mkt
35630757553,Walking Marketing,walkingmkt.com.br,walkingmkt.com.br,,Mídia e Conteúdo,,,,1,,,name-mkt
33658929187,Wallis Justino Marketing Digital e SEO.,wallisjustino.com.br,wallisjustino.com.br,,Imobiliário,,,,1,,,name-mkt
33080710053,WASD Mídia Digital,wasdmidia.com,wasdmidia.com,,Mídia e Conteúdo,,,,2,,,name-mkt
39592856088,We are GREAT!,greatlive.com.br,greatlive.com.br,MARKETING_AND_ADVERTISING,Mídia e Conteúdo,Brazil,,,1,1,,industry
40121963271,Win7 - Agência de Marketing Digital,win7.com.br,win7.com.br,,Mídia e Conteúdo,,,,5,,,name-agencia|name-mkt
33055258699,WORKS MIDIA,worksmidia.com.br,worksmidia.com.br,,Tecnologia e Comunicação,,,,1,,,name-mkt
33518088253,WR Propaganda,wrpropaganda.com.br,wrpropaganda.com.br,,Mídia e Conteúdo,,,,1,1,,name-mkt
43910006112,Writers Editora e Comunicação,writers.com.br,writers.com.br,,Tecnologia e Comunicação,,,,1,,1062353184,name-mkt
40280581217,WT Agência,molter.com.br,molter.com.br,,Serviços Profissionais,,,,2,1,,name-agencia
33667644530,Xyza Comunicação e Pesquisa,xyza.com.br,xyza.com.br,,Serviços Profissionais,,,,1,,,name-mkt
39583187073,Yes Agência,yesagencia.com.br,yesagencia.com.br,,Serviços Administrativos,Brazil,,,1,1,,name-agencia
33672307753,Yess Agencia Digital,yess.com.br,yess.com.br,,Tecnologia e Comunicação,,,,1,,,name-agencia
33494288479,Zarov Marketing,zarov.com.br,zarov.com.br,,Mídia e Conteúdo,,,,1,,,name-mkt
33666927007,ZF Comunicação,zfcomunicacao.com.br,zfcomunicacao.com.br,,Mídia e Conteúdo,,,,3,1,,name-mkt
39595994385,Zoly,zoly.com.br,zoly.com.br,MARKETING_AND_ADVERTISING,Mídia e Conteúdo,Brazil,Sao Paulo,,2,2,,industry
33673384710,ZONT Marketing & Comunicação,zontmkt.com.br,zontmkt.com.br,,Tecnologia e Comunicação,,,,1,,,name-mkt
33049838777,Zumba Comunicação,zumbacomunicacao.com.br,zumbacomunicacao.com.br,,Mídia e Conteúdo,,,,1,1,,name-mkt